UNITID,OPEID6,INSTNM,CONTROL,MAIN,BACH_TOTAL,BACH_ENG_TOTAL,ENG_SHARE_BACH
100654.0,1002,Alabama A & M University,Public,1,530.0,530.0,1.0
100663.0,1052,University of Alabama at Birmingham,Public,1,1156.0,1156.0,1.0
100706.0,1055,University of Alabama in Huntsville,Public,1,2759.0,2759.0,1.0
100724.0,1005,Alabama State University,Public,1,18.0,18.0,1.0
100751.0,1051,The University of Alabama,Public,1,5863.0,5863.0,1.0
100812.0,1008,Athens State University,Public,1,0.0,0.0,
100858.0,1009,Auburn University,Public,1,6814.0,6814.0,1.0
100937.0,1012,Birmingham-Southern College,"Private, nonprofit",1,22.0,22.0,1.0
101480.0,1020,Jacksonville State University,Public,1,411.0,411.0,1.0
101587.0,1024,University of West Alabama,Public,1,138.0,138.0,1.0
101879.0,1016,University of North Alabama,Public,1,43.0,43.0,1.0
102049.0,1036,Samford University,"Private, nonprofit",1,22.0,22.0,1.0
102094.0,1057,University of South Alabama,Public,1,1413.0,1413.0,1.0
102234.0,1041,Spring Hill College,"Private, nonprofit",1,9.0,9.0,1.0
102368.0,1047,Troy University,Public,1,72.0,72.0,1.0
102377.0,1050,Tuskegee University,"Private, nonprofit",1,658.0,658.0,1.0
102553.0,11462,University of Alaska Anchorage,Public,1,777.0,777.0,1.0
102614.0,1063,University of Alaska Fairbanks,Public,1,638.0,638.0,1.0
103778.0,1081,Thunderbird School of Global Management,Public,0,0.0,0.0,
104151.0,1081,Arizona State University Campus Immersion,Public,1,9916.0,9916.0,1.0
104179.0,1083,University of Arizona,Public,1,3953.0,3953.0,1.0
104586.0,1479,Embry-Riddle Aeronautical University-Prescott,"Private, nonprofit",0,1258.0,1258.0,1.0
104717.0,1074,Grand Canyon University,"Private, for-profit",1,382.0,382.0,1.0
105163.0,7329,ITT Technical Institute-Tucson,"Private, for-profit",0,0.0,0.0,
105172.0,7329,ITT Technical Institute-Tempe,"Private, for-profit",0,0.0,0.0,
105330.0,1082,Northern Arizona University,Public,1,2202.0,2202.0,1.0
106245.0,1101,University of Arkansas at Little Rock,Public,1,578.0,578.0,1.0
106397.0,1108,University of Arkansas,Public,1,3755.0,3755.0,1.0
106412.0,1086,University of Arkansas at Pine Bluff,Public,1,180.0,180.0,1.0
106458.0,1090,Arkansas State University,Public,1,453.0,453.0,1.0
106467.0,1089,Arkansas Tech University,Public,1,693.0,693.0,1.0
106485.0,1085,University of Arkansas at Monticello,Public,1,20.0,20.0,1.0
106704.0,1092,University of Central Arkansas,Public,1,12.0,12.0,1.0
107044.0,1097,Harding University,"Private, nonprofit",1,290.0,290.0,1.0
107071.0,1098,Henderson State University,Public,1,21.0,21.0,1.0
107141.0,1100,John Brown University,"Private, nonprofit",1,196.0,196.0,1.0
107460.0,12261,North Arkansas College,Public,1,0.0,0.0,
107512.0,1102,Ouachita Baptist University,"Private, nonprofit",1,4.0,4.0,1.0
107983.0,1107,Southern Arkansas University Main Campus,Public,1,84.0,84.0,1.0
108092.0,1110,University of Arkansas-Fort Smith,Public,1,24.0,24.0,1.0
108232.0,7531,Academy of Art University,"Private, for-profit",1,742.0,742.0,1.0
108250.0,7329,ITT Technical Institute-Rancho Cordova,"Private, for-profit",0,0.0,0.0,
109651.0,1116,Art Center College of Design,"Private, nonprofit",1,672.0,672.0,1.0
109785.0,1117,Azusa Pacific University,"Private, nonprofit",1,28.0,28.0,1.0
109819.0,1118,Bakersfield College,Public,1,62.0,62.0,1.0
110097.0,1122,Biola University,"Private, nonprofit",1,62.0,62.0,1.0
110361.0,1125,California Baptist University,"Private, nonprofit",1,799.0,799.0,1.0
110404.0,1131,California Institute of Technology,"Private, nonprofit",1,534.0,534.0,1.0
110413.0,1133,California Lutheran University,"Private, nonprofit",1,23.0,23.0,1.0
110422.0,1143,California Polytechnic State University-San Luis Obispo,Public,1,8998.0,8998.0,1.0
110486.0,7993,California State University-Bakersfield,Public,1,474.0,474.0,1.0
110510.0,1142,California State University-San Bernardino,Public,1,226.0,226.0,1.0
110529.0,1144,California State Polytechnic University-Pomona,Public,1,7382.0,7382.0,1.0
110538.0,1146,California State University-Chico,Public,1,2475.0,2475.0,1.0
110547.0,1141,California State University-Dominguez Hills,Public,1,22.0,22.0,1.0
110556.0,1147,California State University-Fresno,Public,1,1924.0,1924.0,1.0
110565.0,1137,California State University-Fullerton,Public,1,2756.0,2756.0,1.0
110574.0,1138,California State University-East Bay,Public,1,230.0,230.0,1.0
110583.0,1139,California State University-Long Beach,Public,1,5325.0,5325.0,1.0
110592.0,1140,California State University-Los Angeles,Public,1,2308.0,2308.0,1.0
110608.0,1153,California State University-Northridge,Public,1,3197.0,3197.0,1.0
110617.0,1150,California State University-Sacramento,Public,1,3572.0,3572.0,1.0
110635.0,1312,University of California-Berkeley,Public,1,7125.0,7125.0,1.0
110644.0,1313,University of California-Davis,Public,1,6293.0,6293.0,1.0
110653.0,1314,University of California-Irvine,Public,1,6480.0,6480.0,1.0
110662.0,1315,University of California-Los Angeles,Public,1,4487.0,4487.0,1.0
110671.0,1316,University of California-Riverside,Public,1,2993.0,2993.0,1.0
110680.0,1317,University of California-San Diego,Public,1,7413.0,7413.0,1.0
110705.0,1320,University of California-Santa Barbara,Public,1,1691.0,1691.0,1.0
110714.0,1321,University of California-Santa Cruz,Public,1,1270.0,1270.0,1.0
111188.0,1134,California State University Maritime Academy,Public,1,496.0,496.0,1.0
111948.0,1164,Chapman University,"Private, nonprofit",1,49.0,49.0,1.0
112260.0,1170,Claremont McKenna College,"Private, nonprofit",1,58.0,58.0,1.0
112394.0,1177,University of Silicon Valley,"Private, for-profit",1,15.0,15.0,1.0
114813.0,1253,Fresno Pacific University,"Private, nonprofit",1,62.0,62.0,1.0
115001.0,1203,Glendale Community College,Public,1,0.0,0.0,
115409.0,1171,Harvey Mudd College,"Private, nonprofit",1,468.0,468.0,1.0
115755.0,1149,California State Polytechnic University-Humboldt,Public,1,319.0,319.0,1.0
116466.0,7329,ITT Technical Institute-National City,"Private, for-profit",0,0.0,0.0,
116475.0,7329,ITT Technical Institute-San Dimas,"Private, for-profit",0,0.0,0.0,
116484.0,7329,ITT Technical Institute-Orange,"Private, for-profit",0,0.0,0.0,
117113.0,21799,Argosy University-The Art Institute of California-San Diego,"Private, for-profit",0,0.0,0.0,
117751.0,1220,The Master's University and Seminary,"Private, nonprofit",1,0.0,0.0,
117946.0,11649,Loyola Marymount University,"Private, nonprofit",1,598.0,598.0,1.0
118912.0,1239,MiraCosta College,Public,1,0.0,0.0,
119605.0,11460,National University,"Private, nonprofit",1,273.0,273.0,1.0
120883.0,1329,University of the Pacific,"Private, nonprofit",1,646.0,646.0,1.0
121257.0,1172,Pitzer College,"Private, nonprofit",1,1.0,1.0,1.0
121309.0,1262,Point Loma Nazarene University,"Private, nonprofit",1,97.0,97.0,1.0
121345.0,1173,Pomona College,"Private, nonprofit",1,5.0,5.0,1.0
121886.0,1269,Rio Hondo College,Public,1,0.0,0.0,
122366.0,30106,Golf Academy of America-San Diego,"Private, for-profit",0,0.0,0.0,
122409.0,1151,San Diego State University,Public,1,4677.0,4677.0,1.0
122436.0,10395,University of San Diego,"Private, nonprofit",1,848.0,848.0,1.0
122597.0,1154,San Francisco State University,Public,1,1517.0,1517.0,1.0
122612.0,1325,University of San Francisco,"Private, nonprofit",1,0.0,0.0,
122755.0,1155,San Jose State University,Public,1,6731.0,6731.0,1.0
122931.0,1326,Santa Clara University,"Private, nonprofit",1,1583.0,1583.0,1.0
123165.0,1174,Scripps College,"Private, nonprofit",1,15.0,15.0,1.0
123554.0,1302,Saint Mary's College of California,"Private, nonprofit",1,25.0,25.0,1.0
123563.0,1292,Solano Community College,Public,1,55.0,55.0,1.0
123572.0,1156,Sonoma State University,Public,1,143.0,143.0,1.0
123961.0,1328,University of Southern California,"Private, nonprofit",1,3581.0,3581.0,1.0
125727.0,1341,Westmont College,"Private, nonprofit",1,36.0,36.0,1.0
125763.0,1342,Whittier College,"Private, nonprofit",1,10.0,10.0,1.0
125897.0,1343,Woodbury University,"Private, nonprofit",1,0.0,0.0,
126562.0,4508,University of Colorado Denver/Anschutz Medical Campus,Public,1,1178.0,1178.0,1.0
126580.0,4509,University of Colorado Colorado Springs,Public,1,1015.0,1015.0,1.0
126614.0,1370,University of Colorado Boulder,Public,1,6036.0,6036.0,1.0
126669.0,9401,Colorado Christian University,"Private, nonprofit",1,2.0,2.0,1.0
126702.0,20789,The Art Institute of Colorado,"Private, for-profit",1,11.0,11.0,1.0
126775.0,1348,Colorado School of Mines,Public,1,6304.0,6304.0,1.0
126818.0,1350,Colorado State University-Fort Collins,Public,1,4682.0,4682.0,1.0
126827.0,10148,Colorado Technical University-Colorado Springs,"Private, for-profit",1,67.0,67.0,1.0
127060.0,1371,University of Denver,"Private, nonprofit",1,381.0,381.0,1.0
127185.0,1353,Fort Lewis College,Public,1,186.0,186.0,1.0
127556.0,1358,Colorado Mesa University,Public,1,243.0,243.0,1.0
127565.0,1360,Metropolitan State University of Denver,Public,1,627.0,627.0,1.0
127741.0,1349,University of Northern Colorado,Public,1,93.0,93.0,1.0
127909.0,9543,Red Rocks Community College,Public,1,11.0,11.0,1.0
128106.0,1365,Colorado State University Pueblo,Public,1,326.0,326.0,1.0
128328.0,1369,United States Air Force Academy,Public,1,1949.0,1949.0,1.0
128744.0,1416,University of Bridgeport,"Private, nonprofit",1,255.0,255.0,1.0
128771.0,1378,Central Connecticut State University,Public,1,1044.0,1044.0,1.0
128902.0,1379,Connecticut College,"Private, nonprofit",1,0.0,0.0,
129020.0,1417,University of Connecticut,Public,1,4883.0,4883.0,1.0
129154.0,22449,Goodwin University,"Private, nonprofit",1,0.0,0.0,
129242.0,1385,Fairfield University,"Private, nonprofit",1,338.0,338.0,1.0
129428.0,2803,Rensselaer at Hartford,"Private, nonprofit",0,0.0,0.0,
129525.0,1422,University of Hartford,"Private, nonprofit",1,1364.0,1364.0,1.0
129941.0,1397,University of New Haven,"Private, nonprofit",1,737.0,737.0,1.0
130226.0,1402,Quinnipiac University,"Private, nonprofit",1,305.0,305.0,1.0
130253.0,1403,Sacred Heart University,"Private, nonprofit",1,4.0,4.0,1.0
130590.0,1414,Trinity College,"Private, nonprofit",1,169.0,169.0,1.0
130624.0,1415,United States Coast Guard Academy,Public,1,800.0,800.0,1.0
130794.0,1426,Yale University,"Private, nonprofit",1,672.0,672.0,1.0
130934.0,1428,Delaware State University,Public,1,82.0,82.0,1.0
130943.0,1431,University of Delaware,Public,1,3043.0,3043.0,1.0
131283.0,1437,The Catholic University of America,"Private, nonprofit",1,760.0,760.0,1.0
131399.0,1441,University of the District of Columbia,Public,1,293.0,293.0,1.0
131469.0,1444,George Washington University,"Private, nonprofit",1,1073.0,1073.0,1.0
131520.0,1448,Howard University,"Private, nonprofit",1,575.0,575.0,1.0
132602.0,1467,Bethune-Cookman University,"Private, nonprofit",1,20.0,20.0,1.0
132903.0,3954,University of Central Florida,Public,1,7674.0,7674.0,1.0
133386.0,1475,Daytona State College,Public,1,227.0,227.0,1.0
133492.0,1487,Eckerd College,"Private, nonprofit",1,3.0,3.0,1.0
133553.0,1479,Embry-Riddle Aeronautical University-Daytona Beach,"Private, nonprofit",1,2489.0,2489.0,1.0
133650.0,1480,Florida Agricultural and Mechanical University,Public,1,422.0,422.0,1.0
133669.0,1481,Florida Atlantic University,Public,1,1956.0,1956.0,1.0
133881.0,1469,Florida Institute of Technology,"Private, nonprofit",1,2507.0,2507.0,1.0
133951.0,9635,Florida International University,Public,1,4788.0,4788.0,1.0
134097.0,1489,Florida State University,Public,1,2554.0,2554.0,1.0
134130.0,1535,University of Florida,Public,1,9406.0,9406.0,1.0
134237.0,23621,Full Sail University,"Private, for-profit",1,250.0,250.0,1.0
134909.0,7329,ITT Technical Institute-Tampa,"Private, for-profit",0,0.0,0.0,
134945.0,1495,Jacksonville University,"Private, nonprofit",1,96.0,96.0,1.0
135081.0,21519,Keiser University-Ft Lauderdale,"Private, nonprofit",1,133.0,133.0,1.0
135391.0,1504,State College of Florida-Manatee-Sarasota,Public,1,7.0,7.0,1.0
135717.0,1506,Miami Dade College,Public,1,105.0,105.0,1.0
135726.0,1536,University of Miami,"Private, nonprofit",1,1637.0,1637.0,1.0
136172.0,9841,University of North Florida,Public,1,1281.0,1281.0,1.0
136215.0,1509,Nova Southeastern University,"Private, nonprofit",1,38.0,38.0,1.0
136950.0,1515,Rollins College,"Private, nonprofit",1,6.0,6.0,1.0
137209.0,1520,Seminole State College of Florida,Public,1,339.0,339.0,1.0
137351.0,1537,University of South Florida,Public,1,4355.0,4355.0,1.0
138187.0,6750,Valencia College,Public,1,182.0,182.0,1.0
138354.0,3955,University of West Florida,Public,1,880.0,880.0,1.0
139144.0,1554,Berry College,"Private, nonprofit",1,43.0,43.0,1.0
139366.0,1561,Columbus State University,Public,1,0.0,0.0,
139658.0,1564,Emory University,"Private, nonprofit",1,4.0,4.0,1.0
139719.0,1566,Fort Valley State University,Public,1,64.0,64.0,1.0
139755.0,1569,Georgia Institute of Technology-Main Campus,Public,1,15107.0,15107.0,1.0
139931.0,1572,Georgia Southern University,Public,1,2602.0,2602.0,1.0
139959.0,1598,University of Georgia,Public,1,2215.0,2215.0,1.0
140164.0,1577,Kennesaw State University,Public,0,0.0,0.0,
140234.0,1578,LaGrange College,"Private, nonprofit",1,0.0,0.0,
140447.0,1580,Mercer University,"Private, nonprofit",1,842.0,842.0,1.0
140553.0,1582,Morehouse College,"Private, nonprofit",1,61.0,61.0,1.0
140696.0,1586,Oglethorpe University,"Private, nonprofit",1,45.0,45.0,1.0
140818.0,1588,Piedmont University,"Private, nonprofit",1,15.0,15.0,1.0
140951.0,21415,Savannah College of Art and Design,"Private, nonprofit",1,85.0,85.0,1.0
140960.0,1590,Savannah State University,Public,1,254.0,254.0,1.0
141060.0,1594,Spelman College,"Private, nonprofit",1,3.0,3.0,1.0
141264.0,1599,Valdosta State University,Public,1,85.0,85.0,1.0
141325.0,1600,Wesleyan College,"Private, nonprofit",1,3.0,3.0,1.0
141574.0,1610,University of Hawaii at Manoa,Public,1,1873.0,1873.0,1.0
141644.0,7279,Hawaii Pacific University,"Private, nonprofit",1,0.0,0.0,
141839.0,1615,University of Hawaii Maui College,Public,1,24.0,24.0,1.0
142115.0,1616,Boise State University,Public,1,1411.0,1411.0,1.0
142276.0,1620,Idaho State University,Public,1,787.0,787.0,1.0
142285.0,1626,University of Idaho,Public,1,1473.0,1473.0,1.0
142294.0,1617,The College of Idaho,"Private, nonprofit",1,2.0,2.0,1.0
142328.0,1621,Lewis-Clark State College,Public,1,37.0,37.0,1.0
142337.0,7329,ITT Technical Institute-Boise,"Private, for-profit",0,0.0,0.0,
142461.0,1624,Northwest Nazarene University,"Private, nonprofit",1,86.0,86.0,1.0
142522.0,1625,Brigham Young University-Idaho,"Private, nonprofit",1,2309.0,2309.0,1.0
143084.0,1633,Augustana College,"Private, nonprofit",1,70.0,70.0,1.0
143118.0,1634,Aurora University,"Private, nonprofit",1,6.0,6.0,1.0
143358.0,1641,Bradley University,"Private, nonprofit",1,1364.0,1364.0,1.0
144050.0,1774,University of Chicago,"Private, nonprofit",1,114.0,114.0,1.0
144740.0,1671,DePaul University,"Private, nonprofit",1,3.0,3.0,1.0
144883.0,21686,East-West University,"Private, nonprofit",1,61.0,61.0,1.0
144892.0,1674,Eastern Illinois University,Public,1,164.0,164.0,1.0
145372.0,1684,Greenville University,"Private, nonprofit",1,12.0,12.0,1.0
145600.0,1776,University of Illinois Chicago,Public,1,3683.0,3683.0,1.0
145619.0,1767,Benedictine University,"Private, nonprofit",1,26.0,26.0,1.0
145637.0,1775,University of Illinois Urbana-Champaign,Public,1,12407.0,12407.0,1.0
145725.0,1691,Illinois Institute of Technology,"Private, nonprofit",1,2318.0,2318.0,1.0
145813.0,1692,Illinois State University,Public,1,477.0,477.0,1.0
146612.0,1707,Lewis University,"Private, nonprofit",1,27.0,27.0,1.0
146719.0,1710,Loyola University Chicago,"Private, nonprofit",1,201.0,201.0,1.0
147244.0,1724,Millikin University,"Private, nonprofit",1,0.0,0.0,
147341.0,1725,Monmouth College,"Private, nonprofit",1,0.0,0.0,
147396.0,8880,Morrison Institute of Technology,"Private, nonprofit",1,0.0,0.0,
147679.0,1735,North Park University,"Private, nonprofit",1,20.0,20.0,1.0
147703.0,1737,Northern Illinois University,Public,1,2258.0,2258.0,1.0
147767.0,1739,Northwestern University,"Private, nonprofit",1,2470.0,2470.0,1.0
147828.0,1741,Olivet Nazarene University,"Private, nonprofit",1,368.0,368.0,1.0
148016.0,1744,Principia College,"Private, nonprofit",1,14.0,14.0,1.0
148405.0,1748,Rockford University,"Private, nonprofit",1,0.0,0.0,
148627.0,1768,Saint Xavier University,"Private, nonprofit",1,0.0,0.0,
149222.0,1758,Southern Illinois University-Carbondale,Public,1,2894.0,2894.0,1.0
149231.0,1759,Southern Illinois University-Edwardsville,Public,1,1687.0,1687.0,1.0
149772.0,1780,Western Illinois University,Public,1,306.0,306.0,1.0
149781.0,1781,Wheaton College,"Private, nonprofit",1,62.0,62.0,1.0
150066.0,1785,Anderson University,"Private, nonprofit",1,43.0,43.0,1.0
150136.0,1786,Ball State University,Public,1,281.0,281.0,1.0
150145.0,1787,Bethel University,"Private, nonprofit",1,18.0,18.0,1.0
150163.0,1788,Butler University,"Private, nonprofit",1,16.0,16.0,1.0
150400.0,1792,DePauw University,"Private, nonprofit",1,37.0,37.0,1.0
150455.0,1793,Earlham College,"Private, nonprofit",1,4.0,4.0,1.0
150534.0,1795,University of Evansville,"Private, nonprofit",1,347.0,347.0,1.0
150604.0,1798,Franklin College,"Private, nonprofit",1,16.0,16.0,1.0
150668.0,1799,Goshen College,"Private, nonprofit",1,7.0,7.0,1.0
150677.0,1800,Grace College and Theological Seminary,"Private, nonprofit",1,52.0,52.0,1.0
150756.0,1801,Hanover College,"Private, nonprofit",1,19.0,19.0,1.0
151102.0,1828,Purdue University Fort Wayne,Public,1,912.0,912.0,1.0
151111.0,1813,Indiana University-Indianapolis,Public,1,3044.0,3044.0,1.0
151263.0,1804,University of Indianapolis,"Private, nonprofit",1,36.0,36.0,1.0
151290.0,1805,Indiana Institute of Technology,"Private, nonprofit",1,576.0,576.0,1.0
151306.0,1808,University of Southern Indiana,Public,1,538.0,538.0,1.0
151324.0,1807,Indiana State University,Public,1,1321.0,1321.0,1.0
151342.0,1816,Indiana University-South Bend,Public,1,0.0,0.0,
151351.0,1809,Indiana University-Bloomington,Public,1,44.0,44.0,1.0
151379.0,1817,Indiana University-Southeast,Public,1,0.0,0.0,
151494.0,7329,ITT Technical Institute-Nashville,"Private, for-profit",0,0.0,0.0,
151500.0,7329,ITT Technical Institute-Fort Wayne,"Private, for-profit",0,0.0,0.0,
151519.0,7329,ITT Technical Institute-Indianapolis,"Private, for-profit",1,0.0,0.0,
151777.0,1820,Manchester University,"Private, nonprofit",1,25.0,25.0,1.0
151801.0,1822,Indiana Wesleyan University-Marion,"Private, nonprofit",1,0.0,0.0,
152080.0,1840,University of Notre Dame,"Private, nonprofit",1,2383.0,2383.0,1.0
152248.0,1827,Purdue University-Calumet Campus,Public,0,0.0,0.0,
152248.0,1827,Purdue University-Calumet Campus,Public,1,191.0,191.0,1.0
152266.0,1826,Purdue University-North Central Campus,Public,1,73.0,73.0,1.0
152318.0,1830,Rose-Hulman Institute of Technology,"Private, nonprofit",1,2894.0,2894.0,1.0
152530.0,1838,Taylor University,"Private, nonprofit",1,68.0,68.0,1.0
152567.0,1839,Trine University,"Private, nonprofit",1,1191.0,1191.0,1.0
152600.0,1842,Valparaiso University,"Private, nonprofit",1,847.0,847.0,1.0
152637.0,1843,Vincennes University,Public,1,286.0,286.0,1.0
153108.0,1850,Central College,"Private, nonprofit",1,20.0,20.0,1.0
153162.0,1856,Cornell College,"Private, nonprofit",1,25.0,25.0,1.0
153250.0,1859,Dordt University,"Private, nonprofit",1,260.0,260.0,1.0
153427.0,12064,Orion Technical College,"Private, for-profit",1,175.0,175.0,1.0
153603.0,1869,Iowa State University,Public,1,11309.0,11309.0,1.0
153658.0,1892,University of Iowa,Public,1,3096.0,3096.0,1.0
153825.0,1873,Loras College,"Private, nonprofit",1,58.0,58.0,1.0
154004.0,1879,Morningside University,"Private, nonprofit",1,10.0,10.0,1.0
154022.0,1881,Ashford University,"Private, for-profit",1,27.0,27.0,1.0
154095.0,1890,University of Northern Iowa,Public,1,506.0,506.0,1.0
154101.0,1883,Northwestern College,"Private, nonprofit",1,0.0,0.0,
154235.0,1889,Saint Ambrose University,"Private, nonprofit",1,250.0,250.0,1.0
154350.0,1887,Simpson College,"Private, nonprofit",1,2.0,2.0,1.0
154493.0,1893,Upper Iowa University,"Private, nonprofit",1,6.0,6.0,1.0
154518.0,1895,Waldorf University,"Private, for-profit",1,570.0,570.0,1.0
154527.0,1896,Wartburg College,"Private, nonprofit",1,87.0,87.0,1.0
154590.0,1900,William Penn University,"Private, nonprofit",1,102.0,102.0,1.0
154712.0,10256,Benedictine College,"Private, nonprofit",1,179.0,179.0,1.0
154721.0,1904,Bethany College,"Private, nonprofit",1,5.0,5.0,1.0
155061.0,1915,Fort Hays State University,Public,1,121.0,121.0,1.0
155089.0,1918,Friends University,"Private, nonprofit",1,3.0,3.0,1.0
155317.0,1948,University of Kansas,Public,1,2802.0,2802.0,1.0
155399.0,1928,Kansas State University,Public,1,4128.0,4128.0,1.0
155414.0,1929,Kansas Wesleyan University,"Private, nonprofit",1,11.0,11.0,1.0
155423.0,1949,Washburn Institute of Technology,Public,0,0.0,0.0,
155511.0,1933,McPherson College,"Private, nonprofit",1,214.0,214.0,1.0
155627.0,1937,Ottawa University-Ottawa,"Private, nonprofit",1,29.0,29.0,1.0
155681.0,1926,Pittsburg State University,Public,1,1164.0,1164.0,1.0
156082.0,1949,Washburn University,Public,1,72.0,72.0,1.0
156125.0,1950,Wichita State University,Public,1,2225.0,2225.0,1.0
156213.0,1952,Asbury University,"Private, nonprofit",1,7.0,7.0,1.0
156286.0,1954,Bellarmine University,"Private, nonprofit",1,16.0,16.0,1.0
156295.0,1955,Berea College,"Private, nonprofit",1,110.0,110.0,1.0
156356.0,1958,Brescia University,"Private, nonprofit",1,2.0,2.0,1.0
156541.0,1962,University of the Cumberlands,"Private, nonprofit",1,10.0,10.0,1.0
156620.0,1963,Eastern Kentucky University,Public,1,954.0,954.0,1.0
157085.0,1989,University of Kentucky,Public,1,3550.0,3550.0,1.0
157270.0,4619,Sullivan College of Technology and Design,"Private, for-profit",0,0.0,0.0,
157270.0,12088,Sullivan College of Technology and Design,"Private, for-profit",1,7.0,7.0,1.0
157289.0,1999,University of Louisville,Public,1,2768.0,2768.0,1.0
157386.0,1976,Morehead State University,Public,1,545.0,545.0,1.0
157401.0,1977,Murray State University,Public,1,1191.0,1191.0,1.0
157447.0,9275,Northern Kentucky University,Public,1,393.0,393.0,1.0
157766.0,4619,Spencerian College-Louisville,"Private, for-profit",0,0.0,0.0,
157793.0,4619,Sullivan University,"Private, for-profit",1,16.0,16.0,1.0
157951.0,2002,Western Kentucky University,Public,1,1127.0,1127.0,1.0
159009.0,2006,Grambling State University,Public,1,164.0,164.0,1.0
159391.0,2010,Louisiana State University and Agricultural & Mechanical College,Public,1,5124.0,5124.0,1.0
159647.0,2008,Louisiana Tech University,Public,1,1962.0,1962.0,1.0
159717.0,2017,McNeese State University,Public,1,717.0,717.0,1.0
159939.0,2015,University of New Orleans,Public,1,993.0,993.0,1.0
159966.0,2005,Nicholls State University,Public,1,305.0,305.0,1.0
160038.0,2021,Northwestern State University of Louisiana,Public,1,271.0,271.0,1.0
160612.0,2024,Southeastern Louisiana University,Public,1,739.0,739.0,1.0
160621.0,2025,Southern University and A & M College,Public,1,338.0,338.0,1.0
160658.0,2031,University of Louisiana at Lafayette,Public,1,2691.0,2691.0,1.0
160755.0,2029,Tulane University of Louisiana,"Private, nonprofit",1,536.0,536.0,1.0
160904.0,2032,Xavier University of Louisiana,"Private, nonprofit",1,0.0,0.0,
160977.0,2036,Bates College,"Private, nonprofit",1,16.0,16.0,1.0
161253.0,2053,University of Maine,Public,1,2458.0,2458.0,1.0
161299.0,2044,Maine Maritime Academy,Public,1,858.0,858.0,1.0
161554.0,2054,University of Southern Maine,Public,1,384.0,384.0,1.0
161572.0,6858,Unity Environmental University,"Private, nonprofit",1,16.0,16.0,1.0
162061.0,1436,Capitol Technology University,"Private, nonprofit",1,229.0,229.0,1.0
162584.0,2072,Frostburg State University,Public,1,226.0,226.0,1.0
162654.0,2073,Goucher College,"Private, nonprofit",1,0.0,0.0,
162928.0,2077,Johns Hopkins University,"Private, nonprofit",1,2233.0,2233.0,1.0
163046.0,2078,Loyola University Maryland,"Private, nonprofit",1,248.0,248.0,1.0
163268.0,2105,University of Maryland-Baltimore County,Public,1,1684.0,1684.0,1.0
163286.0,2103,University of Maryland-College Park,Public,1,7434.0,7434.0,1.0
163338.0,2106,University of Maryland Eastern Shore,Public,1,271.0,271.0,1.0
163453.0,2083,Morgan State University,Public,1,1139.0,1139.0,1.0
164155.0,2101,United States Naval Academy,Public,1,2818.0,2818.0,1.0
164173.0,2107,Stevenson University,"Private, nonprofit",1,0.0,0.0,
164748.0,2126,Berklee College of Music,"Private, nonprofit",1,594.0,594.0,1.0
164988.0,2130,Boston University,"Private, nonprofit",1,2872.0,2872.0,1.0
165644.0,2145,Eastern Nazarene College,"Private, nonprofit",1,30.0,30.0,1.0
165699.0,2148,Endicott College,"Private, nonprofit",1,21.0,21.0,1.0
165820.0,2184,Fitchburg State University,Public,1,199.0,199.0,1.0
165884.0,2151,Benjamin Franklin Cummings Institute of Technology,"Private, nonprofit",1,33.0,33.0,1.0
165884.0,2151,Benjamin Franklin Cummings Institute of Technology,Public,1,0.0,0.0,
166027.0,2155,Harvard University,"Private, nonprofit",1,507.0,507.0,1.0
166513.0,2161,University of Massachusetts-Lowell,Public,1,4004.0,4004.0,1.0
166629.0,2221,University of Massachusetts-Amherst,Public,1,3435.0,3435.0,1.0
166638.0,2222,University of Massachusetts-Boston,Public,1,114.0,114.0,1.0
166683.0,2178,Massachusetts Institute of Technology,"Private, nonprofit",1,2927.0,2927.0,1.0
166692.0,2181,Massachusetts Maritime Academy,Public,1,1164.0,1164.0,1.0
166850.0,2120,Merrimack College,"Private, nonprofit",1,377.0,377.0,1.0
167358.0,2199,Northeastern University,"Private, nonprofit",1,5255.0,5255.0,1.0
167598.0,2206,Regis College,"Private, nonprofit",1,7.0,7.0,1.0
167792.0,2671,Bard College at Simon's Rock,"Private, nonprofit",0,2.0,2.0,1.0
167792.0,9645,Bard College at Simon's Rock,"Private, nonprofit",1,21.0,21.0,1.0
167835.0,2209,Smith College,"Private, nonprofit",1,302.0,302.0,1.0
167987.0,2210,University of Massachusetts-Dartmouth,Public,1,1165.0,1165.0,1.0
167996.0,2217,Stonehill College,"Private, nonprofit",1,0.0,0.0,
168005.0,2218,Suffolk University,"Private, nonprofit",1,63.0,63.0,1.0
168148.0,2219,Tufts University,"Private, nonprofit",1,1185.0,1185.0,1.0
168227.0,2225,Wentworth Institute of Technology,"Private, nonprofit",1,2542.0,2542.0,1.0
168254.0,2226,Western New England University,"Private, nonprofit",1,1007.0,1007.0,1.0
168421.0,2233,Worcester Polytechnic Institute,"Private, nonprofit",1,5153.0,5153.0,1.0
168591.0,2236,Alma College,"Private, nonprofit",1,2.0,2.0,1.0
168607.0,2237,Alpena Community College,Public,1,6.0,6.0,1.0
168740.0,2238,Andrews University,"Private, nonprofit",1,104.0,104.0,1.0
168847.0,4673,Baker College,"Private, nonprofit",1,131.0,131.0,1.0
169080.0,2241,Calvin University,"Private, nonprofit",1,638.0,638.0,1.0
169248.0,2243,Central Michigan University,Public,1,1039.0,1039.0,1.0
169716.0,2323,University of Detroit Mercy,"Private, nonprofit",1,383.0,383.0,1.0
169798.0,2259,Eastern Michigan University,Public,1,844.0,844.0,1.0
169910.0,2260,Ferris State University,Public,1,2238.0,2238.0,1.0
169983.0,2262,Kettering University,"Private, nonprofit",1,2341.0,2341.0,1.0
170037.0,2266,Cornerstone University,"Private, nonprofit",1,4.0,4.0,1.0
170082.0,2268,Grand Valley State University,Public,1,1067.0,1067.0,1.0
170301.0,2273,Hope College,"Private, nonprofit",1,353.0,353.0,1.0
170417.0,7329,ITT Technical Institute-Wyoming,"Private, for-profit",0,0.0,0.0,
170444.0,2274,Jackson College,Public,1,27.0,27.0,1.0
170620.0,2277,Lake Michigan College,Public,1,7.0,7.0,1.0
170639.0,2293,Lake Superior State University,Public,1,211.0,211.0,1.0
170675.0,2279,Lawrence Technological University,"Private, nonprofit",1,1242.0,1242.0,1.0
170806.0,2282,Madonna University,"Private, nonprofit",1,17.0,17.0,1.0
170976.0,2325,University of Michigan-Ann Arbor,Public,1,8602.0,8602.0,1.0
171100.0,2290,Michigan State University,Public,1,7310.0,7310.0,1.0
171128.0,2292,Michigan Technological University,Public,1,5466.0,5466.0,1.0
171137.0,2326,University of Michigan-Dearborn,Public,1,2041.0,2041.0,1.0
171146.0,2327,University of Michigan-Flint,Public,1,200.0,200.0,1.0
171456.0,2301,Northern Michigan University,Public,1,248.0,248.0,1.0
171483.0,2302,Northwestern Michigan College,Public,1,25.0,25.0,1.0
171571.0,2307,Oakland University,Public,1,2176.0,2176.0,1.0
172051.0,2314,Saginaw Valley State University,Public,1,585.0,585.0,1.0
172264.0,2316,Siena Heights University,"Private, nonprofit",1,160.0,160.0,1.0
172334.0,2318,Spring Arbor University,"Private, nonprofit",1,7.0,7.0,1.0
172644.0,2329,Wayne State University,Public,1,2202.0,2202.0,1.0
172699.0,2330,Western Michigan University,Public,1,2343.0,2343.0,1.0
173045.0,2334,Augsburg University,"Private, nonprofit",1,0.0,0.0,
173124.0,2336,Bemidji State University,Public,1,283.0,283.0,1.0
173142.0,2337,Bethany Lutheran College,"Private, nonprofit",1,22.0,22.0,1.0
173160.0,9058,Bethel University,"Private, nonprofit",1,35.0,35.0,1.0
173629.0,4642,Globe University-Woodbury,"Private, for-profit",1,4.0,4.0,1.0
173665.0,2354,Hamline University,"Private, nonprofit",1,18.0,18.0,1.0
173920.0,2360,Minnesota State University-Mankato,Public,1,1297.0,1297.0,1.0
174066.0,3969,University of Minnesota-Twin Cities,Public,1,6245.0,6245.0,1.0
174075.0,4069,University of Minnesota-Crookston,Public,1,72.0,72.0,1.0
174233.0,2388,University of Minnesota-Duluth,Public,1,1952.0,1952.0,1.0
174251.0,2389,University of Minnesota-Morris,Public,1,0.0,0.0,
174358.0,2367,Minnesota State University Moorhead,Public,1,2.0,2.0,1.0
174491.0,2371,University of Northwestern-St Paul,"Private, nonprofit",1,58.0,58.0,1.0
174783.0,2377,Saint Cloud State University,Public,1,910.0,910.0,1.0
174792.0,2379,Saint Johns University,"Private, nonprofit",1,0.0,0.0,
174817.0,2380,Saint Mary's University of Minnesota,"Private, nonprofit",1,18.0,18.0,1.0
174914.0,2345,University of St Thomas,"Private, nonprofit",1,894.0,894.0,1.0
175227.0,4641,Dunwoody College of Technology,"Private, nonprofit",1,184.0,184.0,1.0
175272.0,2394,Winona State University,Public,1,158.0,158.0,1.0
175342.0,2396,Alcorn State University,Public,1,19.0,19.0,1.0
175856.0,2410,Jackson State University,Public,1,577.0,577.0,1.0
176017.0,2440,University of Mississippi,Public,1,1498.0,1498.0,1.0
176044.0,2424,Mississippi Valley State University,Public,1,101.0,101.0,1.0
176053.0,2415,Mississippi College,"Private, nonprofit",1,39.0,39.0,1.0
176080.0,2423,Mississippi State University,Public,1,5079.0,5079.0,1.0
176372.0,2441,University of Southern Mississippi,Public,1,860.0,860.0,1.0
176637.0,7329,ITT Technical Institute-Earth City,"Private, for-profit",0,0.0,0.0,
176965.0,2454,University of Central Missouri,Public,1,1082.0,1082.0,1.0
177214.0,2461,Drury University,"Private, nonprofit",1,34.0,34.0,1.0
177339.0,2463,Evangel University,"Private, nonprofit",1,0.0,0.0,
177940.0,2479,Lincoln University,Public,1,16.0,16.0,1.0
178059.0,2482,Maryville University of Saint Louis,"Private, nonprofit",1,0.0,0.0,
178341.0,2488,Missouri Southern State University,Public,1,96.0,96.0,1.0
178350.0,23040,Missouri Tech,"Private, for-profit",1,0.0,0.0,
178387.0,2490,Missouri Western State University,Public,1,226.0,226.0,1.0
178396.0,2516,University of Missouri-Columbia,Public,1,3304.0,3304.0,1.0
178402.0,2518,University of Missouri-Kansas City,Public,1,849.0,849.0,1.0
178411.0,2517,Missouri University of Science and Technology,Public,1,7020.0,7020.0,1.0
178420.0,2519,University of Missouri-St Louis,Public,1,510.0,510.0,1.0
178624.0,2496,Northwest Missouri State University,Public,1,129.0,129.0,1.0
178697.0,2500,College of the Ozarks,"Private, nonprofit",1,30.0,30.0,1.0
178721.0,2498,Park University,"Private, nonprofit",1,20.0,20.0,1.0
178891.0,12500,Ranken Technical College,"Private, nonprofit",1,56.0,56.0,1.0
179043.0,2499,Rockhurst University,"Private, nonprofit",1,64.0,64.0,1.0
179159.0,2506,Saint Louis University,"Private, nonprofit",1,999.0,999.0,1.0
179326.0,2502,Southwest Baptist University,"Private, nonprofit",1,0.0,0.0,
179557.0,2501,Southeast Missouri State University,Public,1,584.0,584.0,1.0
179566.0,2503,Missouri State University-Springfield,Public,1,84.0,84.0,1.0
179867.0,2520,Washington University in St Louis,"Private, nonprofit",1,2129.0,2129.0,1.0
179955.0,2524,William Jewell College,"Private, nonprofit",1,10.0,10.0,1.0
180081.0,2531,Highlands College of Montana Tech,Public,0,0.0,0.0,
180106.0,2526,Carroll College,"Private, nonprofit",1,92.0,92.0,1.0
180179.0,2530,Montana State University Billings,Public,1,0.0,0.0,
180416.0,2531,Montana Technological University,Public,1,1560.0,1560.0,1.0
180461.0,2532,Montana State University,Public,1,3713.0,3713.0,1.0
180489.0,2536,The University of Montana,Public,1,0.0,0.0,
180522.0,2533,Montana State University-Northern,Public,1,29.0,29.0,1.0
180647.0,21434,Salish Kootenai College,"Private, nonprofit",1,1.0,1.0,1.0
180647.0,21434,Salish Kootenai College,Public,1,0.0,0.0,
180814.0,9743,Bellevue University,"Private, nonprofit",1,6.0,6.0,1.0
181002.0,2542,Creighton University,"Private, nonprofit",1,33.0,33.0,1.0
181020.0,2544,Doane University,"Private, nonprofit",1,36.0,36.0,1.0
181394.0,2554,University of Nebraska at Omaha,Public,1,0.0,0.0,
181464.0,2565,University of Nebraska-Lincoln,Public,1,3788.0,3788.0,1.0
181738.0,2563,Union Adventist University,"Private, nonprofit",1,0.0,0.0,
181765.0,2565,Nebraska College of Technical Agriculture,Public,0,0.0,0.0,
181783.0,2566,Wayne State College,Public,1,164.0,164.0,1.0
181853.0,2567,York University,"Private, nonprofit",1,0.0,0.0,
182281.0,2569,University of Nevada-Las Vegas,Public,1,1183.0,1183.0,1.0
182290.0,2568,University of Nevada-Reno,Public,1,3263.0,3263.0,1.0
182306.0,6977,Great Basin College,Public,1,68.0,68.0,1.0
182500.0,21077,Truckee Meadows Community College,Public,1,6.0,6.0,1.0
182661.0,4731,Daniel Webster College,"Private, for-profit",1,7.0,7.0,1.0
182670.0,2573,Dartmouth College,"Private, nonprofit",1,784.0,784.0,1.0
182829.0,2589,University of New Hampshire-Franklin Pierce School of Law,Public,0,0.0,0.0,
182980.0,2579,New England College,"Private, nonprofit",1,0.0,0.0,
183026.0,2580,Southern New Hampshire University,"Private, nonprofit",1,88.0,88.0,1.0
183044.0,2589,University of New Hampshire-Main Campus,Public,1,2124.0,2124.0,1.0
183062.0,2590,Keene State College,Public,1,890.0,890.0,1.0
183071.0,2589,University of New Hampshire at Manchester,Public,0,163.0,163.0,1.0
183239.0,2587,Saint Anselm College,"Private, nonprofit",1,28.0,28.0,1.0
184603.0,2607,Fairleigh Dickinson University-Metropolitan Campus,"Private, nonprofit",1,267.0,267.0,1.0
184694.0,2607,Fairleigh Dickinson University-Florham Campus,"Private, nonprofit",0,0.0,0.0,
184782.0,2609,Rowan University,Public,1,1957.0,1957.0,1.0
185262.0,2622,Kean University,Public,1,2.0,2.0,1.0
185572.0,2616,Monmouth University,"Private, nonprofit",1,83.0,83.0,1.0
185828.0,2621,New Jersey Institute of Technology,Public,1,6306.0,6306.0,1.0
186131.0,2627,Princeton University,"Private, nonprofit",1,1827.0,1827.0,1.0
186371.0,2629,Rutgers University-Camden,Public,0,0.0,0.0,
186380.0,2629,Rutgers University-New Brunswick,Public,1,6266.0,6266.0,1.0
186399.0,2629,Rutgers University-Newark,Public,0,14.0,14.0,1.0
186618.0,2600,Saint Elizabeth University,"Private, nonprofit",1,6.0,6.0,1.0
186867.0,2639,Stevens Institute of Technology,"Private, nonprofit",1,3059.0,3059.0,1.0
187134.0,2642,The College of New Jersey,Public,1,819.0,819.0,1.0
187596.0,23576,Navajo Technical University,Public,1,17.0,17.0,1.0
187620.0,2657,New Mexico State University-Dona Ana,Public,0,0.0,0.0,
187648.0,2651,Eastern New Mexico University-Main Campus,Public,1,61.0,61.0,1.0
187666.0,2651,Eastern New Mexico University-Roswell Campus,Public,0,0.0,0.0,
187897.0,2653,New Mexico Highlands University,Public,1,0.0,0.0,
187958.0,2663,University of New Mexico-Gallup Campus,Public,0,0.0,0.0,
187967.0,2654,New Mexico Institute of Mining and Technology,Public,1,1209.0,1209.0,1.0
187976.0,2663,University of New Mexico-Los Alamos Campus,Public,0,0.0,0.0,
187985.0,2663,University of New Mexico-Main Campus,Public,1,1860.0,1860.0,1.0
187994.0,2657,New Mexico State University-Alamogordo,Public,0,0.0,0.0,
188003.0,2657,Southeast New Mexico College,Public,0,0.0,0.0,
188021.0,2657,New Mexico State University-Grants,Public,0,0.0,0.0,
188030.0,2657,New Mexico State University-Main Campus,Public,1,2490.0,2490.0,1.0
188049.0,2663,University of New Mexico-Valencia County Campus,Public,0,0.0,0.0,
188058.0,20839,Northern New Mexico College,Public,1,60.0,60.0,1.0
188225.0,2663,University of New Mexico-Taos Campus,Public,0,0.0,0.0,
188340.0,2665,Vaughn College of Aeronautics and Technology,"Private, nonprofit",1,388.0,388.0,1.0
188641.0,2668,Alfred University,"Private, nonprofit",1,594.0,594.0,1.0
189088.0,2671,Bard College,"Private, nonprofit",1,0.0,0.0,
189705.0,2681,Canisius University,"Private, nonprofit",1,4.0,4.0,1.0
190044.0,2699,Clarkson University,"Private, nonprofit",1,3504.0,3504.0,1.0
190150.0,2707,Columbia University in the City of New York,"Private, nonprofit",1,2200.0,2200.0,1.0
190372.0,2710,The Cooper Union for the Advancement of Science and Art,"Private, nonprofit",1,714.0,714.0,1.0
190415.0,2711,Cornell University,"Private, nonprofit",1,4275.0,4275.0,1.0
190424.0,2711,Weill Medical College of Cornell University,"Private, nonprofit",0,0.0,0.0,
190512.0,7273,CUNY Bernard M Baruch College,Public,1,0.0,0.0,
190558.0,2698,College of Staten Island CUNY,Public,1,386.0,386.0,1.0
190567.0,2688,CUNY City College,Public,1,2921.0,2921.0,1.0
190576.0,4765,CUNY Graduate School and University Center,Public,1,0.0,0.0,
190655.0,2696,CUNY New York City College of Technology,Public,1,1940.0,1940.0,1.0
191241.0,2722,Fordham University,"Private, nonprofit",1,129.0,129.0,1.0
191649.0,2732,Hofstra University,"Private, nonprofit",1,600.0,600.0,1.0
191676.0,2734,Houghton University,"Private, nonprofit",1,3.0,3.0,1.0
192439.0,2751,LIU Brooklyn,"Private, nonprofit",0,1.0,1.0,1.0
192448.0,2751,Long Island University,"Private, nonprofit",1,10.0,10.0,1.0
192554.0,2751,LIU Hudson at Rockland,"Private, nonprofit",0,0.0,0.0,
192563.0,2751,LIU Brentwood,"Private, nonprofit",0,0.0,0.0,
192703.0,2758,Manhattan College,"Private, nonprofit",1,1693.0,1693.0,1.0
193900.0,2785,New York University,"Private, nonprofit",1,2138.0,2138.0,1.0
194091.0,2782,New York Institute of Technology,"Private, nonprofit",1,1108.0,1108.0,1.0
194310.0,2791,Pace University,"Private, nonprofit",1,125.0,125.0,1.0
194824.0,2803,Rensselaer Polytechnic Institute,"Private, nonprofit",1,5865.0,5865.0,1.0
195003.0,2806,Rochester Institute of Technology,"Private, nonprofit",1,6136.0,6136.0,1.0
195030.0,2894,University of Rochester,"Private, nonprofit",1,1872.0,1872.0,1.0
195474.0,2816,Siena College,"Private, nonprofit",1,6.0,6.0,1.0
195809.0,2823,St. John's University-New York,"Private, nonprofit",1,13.0,13.0,1.0
196006.0,2854,SUNY College of Technology at Alfred,Public,1,619.0,619.0,1.0
196015.0,2855,SUNY College of Technology at Canton,Public,1,252.0,252.0,1.0
196024.0,2857,SUNY College of Technology at Delhi,Public,1,115.0,115.0,1.0
196033.0,2856,SUNY College of Agriculture and Technology at Cobleskill,Public,1,0.0,0.0,
196042.0,2858,Farmingdale State College,Public,1,1760.0,1760.0,1.0
196051.0,2859,SUNY Morrisville,Public,1,31.0,31.0,1.0
196060.0,2835,University at Albany,Public,1,185.0,185.0,1.0
196079.0,2836,Binghamton University,Public,1,2322.0,2322.0,1.0
196088.0,2837,University at Buffalo,Public,1,5899.0,5899.0,1.0
196097.0,2838,Stony Brook University,Public,1,2778.0,2778.0,1.0
196103.0,2851,SUNY College of Environmental Science and Forestry,Public,1,528.0,528.0,1.0
196112.0,11678,SUNY Polytechnic Institute,Public,1,1090.0,1090.0,1.0
196130.0,2842,SUNY Buffalo State University,Public,1,558.0,558.0,1.0
196158.0,2844,SUNY at Fredonia,Public,1,0.0,0.0,
196176.0,2846,State University of New York at New Paltz,Public,1,527.0,527.0,1.0
196194.0,2848,State University of New York at Oswego,Public,1,146.0,146.0,1.0
196291.0,2853,SUNY Maritime College,Public,1,803.0,803.0,1.0
196413.0,2882,Syracuse University,"Private, nonprofit",1,1821.0,1821.0,1.0
196680.0,2834,Excelsior University,"Private, nonprofit",1,2084.0,2084.0,1.0
196866.0,2889,Union College,"Private, nonprofit",1,602.0,602.0,1.0
197027.0,2892,United States Merchant Marine Academy,Public,1,729.0,729.0,1.0
197036.0,2893,United States Military Academy,Public,1,2209.0,2209.0,1.0
197142.0,2896,Villa Maria College,"Private, nonprofit",1,0.0,0.0,
197221.0,2900,Webb Institute,"Private, nonprofit",1,149.0,149.0,1.0
197708.0,2903,Yeshiva University,"Private, nonprofit",1,9.0,9.0,1.0
197869.0,2906,Appalachian State University,Public,1,446.0,446.0,1.0
198136.0,2913,Campbell University,"Private, nonprofit",1,87.0,87.0,1.0
198419.0,2920,Duke University,"Private, nonprofit",1,2178.0,2178.0,1.0
198464.0,2923,East Carolina University,Public,1,3106.0,3106.0,1.0
198507.0,2926,Elizabeth City State University,Public,1,56.0,56.0,1.0
198516.0,2927,Elon University,"Private, nonprofit",1,78.0,78.0,1.0
198695.0,2933,High Point University,"Private, nonprofit",1,0.0,0.0,
198756.0,2936,Johnson C Smith University,"Private, nonprofit",1,26.0,26.0,1.0
198835.0,2941,Lenoir-Rhyne University,"Private, nonprofit",1,2.0,2.0,1.0
198969.0,2946,Methodist University,"Private, nonprofit",1,67.0,67.0,1.0
199102.0,2905,North Carolina A & T State University,Public,1,2154.0,2154.0,1.0
199111.0,2907,University of North Carolina Asheville,Public,1,202.0,202.0,1.0
199120.0,2974,University of North Carolina at Chapel Hill,Public,1,434.0,434.0,1.0
199139.0,2975,University of North Carolina at Charlotte,Public,1,4464.0,4464.0,1.0
199193.0,2972,North Carolina State University at Raleigh,Public,1,11192.0,11192.0,1.0
199218.0,2984,University of North Carolina Wilmington,Public,1,0.0,0.0,
199412.0,2957,Queens University of Charlotte,"Private, nonprofit",1,0.0,0.0,
199582.0,2968,Saint Augustine's University,"Private, nonprofit",1,29.0,29.0,1.0
199847.0,2978,Wake Forest University,"Private, nonprofit",1,86.0,86.0,1.0
199856.0,4844,Wake Technical Community College,Public,1,0.0,0.0,
200004.0,2981,Western Carolina University,Public,1,1037.0,1037.0,1.0
200022.0,2988,Bismarck State College,Public,1,0.0,0.0,
200156.0,2990,University of Jamestown,"Private, nonprofit",1,20.0,20.0,1.0
200217.0,2992,University of Mary,"Private, nonprofit",1,42.0,42.0,1.0
200280.0,3005,University of North Dakota,Public,1,1937.0,1937.0,1.0
200332.0,2997,North Dakota State University-Main Campus,Public,1,2807.0,2807.0,1.0
200572.0,3008,Valley City State University,Public,1,24.0,24.0,1.0
200800.0,3123,University of Akron Main Campus,Public,1,3763.0,3763.0,1.0
200846.0,3123,University of Akron Wayne College,Public,0,0.0,0.0,
201195.0,3014,Baldwin Wallace University,"Private, nonprofit",1,41.0,41.0,1.0
201371.0,3016,Bluffton University,"Private, nonprofit",1,0.0,0.0,
201432.0,3018,Bowling Green State University-Firelands,Public,0,18.0,18.0,1.0
201441.0,3018,Bowling Green State University-Main Campus,Public,1,1360.0,1360.0,1.0
201469.0,2678,Bryant & Stratton College-Parma,"Private, for-profit",0,0.0,0.0,
201645.0,3024,Case Western Reserve University,"Private, nonprofit",1,2979.0,2979.0,1.0
201654.0,3025,Cedarville University,"Private, nonprofit",1,497.0,497.0,1.0
201690.0,3026,Central State University,Public,1,98.0,98.0,1.0
201885.0,3125,University of Cincinnati-Main Campus,Public,1,5146.0,5146.0,1.0
201928.0,10345,Cincinnati State Technical and Community College,Public,1,42.0,42.0,1.0
201946.0,3125,University of Cincinnati-Clermont College,Public,0,0.0,0.0,
201955.0,3125,University of Cincinnati-Blue Ash College,Public,0,0.0,0.0,
201973.0,4852,Clark State College,Public,1,12.0,12.0,1.0
202134.0,3032,Cleveland State University,Public,1,2036.0,2036.0,1.0
202480.0,3127,University of Dayton,"Private, nonprofit",1,3016.0,3016.0,1.0
202523.0,3042,Denison University,"Private, nonprofit",1,0.0,0.0,
202684.0,2678,Bryant & Stratton College-Cleveland,"Private, for-profit",0,0.0,0.0,
202763.0,3045,The University of Findlay,"Private, nonprofit",1,106.0,106.0,1.0
203313.0,7329,ITT Technical Institute-Dayton,"Private, for-profit",0,0.0,0.0,
203368.0,3050,John Carroll University,"Private, nonprofit",1,27.0,27.0,1.0
203447.0,3051,Kent State University at Ashtabula,Public,0,0.0,0.0,
203456.0,3051,Kent State University at East Liverpool,Public,0,0.0,0.0,
203465.0,3051,Kent State University at Stark,Public,0,0.0,0.0,
203474.0,3051,Kent State University at Trumbull,Public,0,0.0,0.0,
203483.0,3051,Kent State University at Tuscarawas,Public,0,291.0,291.0,1.0
203492.0,3051,Kent State University at Salem,Public,0,0.0,0.0,
203517.0,3051,Kent State University at Kent,Public,1,481.0,481.0,1.0
203526.0,3051,Kent State University at Geauga,Public,0,0.0,0.0,
203748.0,3068,Lorain County Community College,Public,1,6.0,6.0,1.0
203845.0,3073,Marietta College,"Private, nonprofit",1,453.0,453.0,1.0
204006.0,3077,Miami University-Hamilton,Public,0,331.0,331.0,1.0
204015.0,3077,Miami University-Middletown,Public,0,86.0,86.0,1.0
204024.0,3077,Miami University-Oxford,Public,1,2079.0,2079.0,1.0
204185.0,3083,University of Mount Union,"Private, nonprofit",1,158.0,158.0,1.0
204194.0,7085,Mount Vernon Nazarene University,"Private, nonprofit",1,48.0,48.0,1.0
204255.0,8133,Zane State College,Public,1,0.0,0.0,
204264.0,3084,Muskingum University,"Private, nonprofit",1,58.0,58.0,1.0
204422.0,5313,North Central State College,Public,1,14.0,14.0,1.0
204468.0,3085,Notre Dame College,"Private, nonprofit",1,6.0,6.0,1.0
204501.0,3086,Oberlin College,"Private, nonprofit",1,28.0,28.0,1.0
204617.0,3035,Ohio Dominican University,"Private, nonprofit",1,13.0,13.0,1.0
204635.0,3089,Ohio Northern University,"Private, nonprofit",1,683.0,683.0,1.0
204662.0,3090,Ohio State University Agricultural Technical Institute,Public,0,0.0,0.0,
204671.0,3090,Ohio State University-Lima Campus,Public,0,0.0,0.0,
204680.0,3090,Ohio State University-Mansfield Campus,Public,0,0.0,0.0,
204699.0,3090,Ohio State University-Marion Campus,Public,0,0.0,0.0,
204705.0,3090,Ohio State University-Newark Campus,Public,0,0.0,0.0,
204796.0,3090,Ohio State University-Main Campus,Public,1,11870.0,11870.0,1.0
204802.0,3100,Ohio University-Eastern Campus,Public,0,0.0,0.0,
204820.0,3100,Ohio University-Chillicothe Campus,Public,0,0.0,0.0,
204839.0,3100,Ohio University-Southern Campus,Public,0,0.0,0.0,
204848.0,3100,Ohio University-Lancaster Campus,Public,0,0.0,0.0,
204857.0,3100,Ohio University-Main Campus,Public,1,1896.0,1896.0,1.0
204866.0,3100,Ohio University-Zanesville Campus,Public,0,0.0,0.0,
204936.0,3110,Otterbein University,"Private, nonprofit",1,98.0,98.0,1.0
205203.0,3116,University of Rio Grande,"Private, nonprofit",1,15.0,15.0,1.0
205443.0,9942,Shawnee State University,Public,1,367.0,367.0,1.0
206084.0,3131,University of Toledo,Public,1,4267.0,4267.0,1.0
206437.0,3135,Walsh University,"Private, nonprofit",1,0.0,0.0,
206491.0,3141,Wilberforce University,"Private, nonprofit",1,10.0,10.0,1.0
206604.0,3078,Wright State University-Main Campus,Public,1,2041.0,2041.0,1.0
206613.0,3078,Wright State University-Lake Campus,Public,0,158.0,158.0,1.0
206622.0,3144,Xavier University,"Private, nonprofit",1,21.0,21.0,1.0
206631.0,7329,ITT Technical Institute-Youngstown,"Private, for-profit",0,0.0,0.0,
206695.0,3145,Youngstown State University,Public,1,1521.0,1521.0,1.0
206914.0,3150,Cameron University,Public,1,17.0,17.0,1.0
206941.0,3152,University of Central Oklahoma,Public,1,465.0,465.0,1.0
207209.0,3157,Langston University,Public,1,21.0,21.0,1.0
207254.0,7678,Spartan College of Aeronautics and Technology,"Private, for-profit",1,79.0,79.0,1.0
207263.0,3161,Northeastern State University,Public,1,460.0,460.0,1.0
207324.0,3165,Oklahoma Christian University,"Private, nonprofit",1,312.0,312.0,1.0
207342.0,3184,University of Oklahoma-Health Sciences Center,Public,0,0.0,0.0,
207351.0,3174,Oklahoma Panhandle State University,Public,1,36.0,36.0,1.0
207388.0,3170,Oklahoma State University-Main Campus,Public,1,4902.0,4902.0,1.0
207458.0,3166,Oklahoma City University,"Private, nonprofit",1,12.0,12.0,1.0
207500.0,3184,University of Oklahoma-Norman Campus,Public,1,4288.0,4288.0,1.0
207564.0,3172,Oklahoma State University Institute of Technology,Public,1,190.0,190.0,1.0
207582.0,3985,Oral Roberts University,"Private, nonprofit",1,206.0,206.0,1.0
207661.0,3168,Rogers State University,Public,1,85.0,85.0,1.0
207847.0,3179,Southeastern Oklahoma State University,Public,1,678.0,678.0,1.0
207865.0,3181,Southwestern Oklahoma State University,Public,1,286.0,286.0,1.0
207971.0,3185,University of Tulsa,"Private, nonprofit",1,1437.0,1437.0,1.0
208822.0,3194,George Fox University,"Private, nonprofit",1,377.0,377.0,1.0
208965.0,7329,ITT Technical Institute-Portland,"Private, for-profit",0,0.0,0.0,
209065.0,3198,Linfield University,"Private, nonprofit",1,33.0,33.0,1.0
209506.0,3211,Oregon Institute of Technology,Public,1,1696.0,1696.0,1.0
209542.0,3210,Oregon State University,Public,1,6514.0,6514.0,1.0
209807.0,3216,Portland State University,Public,1,1899.0,1899.0,1.0
209825.0,3224,University of Portland,"Private, nonprofit",1,776.0,776.0,1.0
210669.0,3230,Allegheny College,"Private, nonprofit",1,15.0,15.0,1.0
211158.0,3315,Bloomsburg University of Pennsylvania,Public,1,67.0,67.0,1.0
211291.0,3238,Bucknell University,"Private, nonprofit",1,1149.0,1149.0,1.0
211361.0,3316,California University of Pennsylvania,Public,1,278.0,278.0,1.0
211440.0,3242,Carnegie Mellon University,"Private, nonprofit",1,3173.0,3173.0,1.0
211468.0,3243,Cedar Crest College,"Private, nonprofit",1,0.0,0.0,
211644.0,3318,Clarion University of Pennsylvania,Public,1,62.0,62.0,1.0
212018.0,3329,Pennsylvania State University-Dickinson Law,Public,0,0.0,0.0,
212054.0,3256,Drexel University,"Private, nonprofit",1,5356.0,5356.0,1.0
212106.0,3258,Duquesne University,"Private, nonprofit",1,105.0,105.0,1.0
212197.0,3262,Elizabethtown College,"Private, nonprofit",1,251.0,251.0,1.0
212601.0,3266,Gannon University,"Private, nonprofit",1,427.0,427.0,1.0
212656.0,3267,Geneva College,"Private, nonprofit",1,394.0,394.0,1.0
212805.0,3269,Grove City College,"Private, nonprofit",1,495.0,495.0,1.0
213020.0,3277,Indiana University of Pennsylvania-Main Campus,Public,1,500.0,500.0,1.0
213251.0,3279,Juniata College,"Private, nonprofit",1,36.0,36.0,1.0
213321.0,3282,King's College,"Private, nonprofit",1,22.0,22.0,1.0
213385.0,3284,Lafayette College,"Private, nonprofit",1,1083.0,1083.0,1.0
213543.0,3289,Lehigh University,"Private, nonprofit",1,2695.0,2695.0,1.0
213598.0,3290,Lincoln University,Public,1,11.0,11.0,1.0
213613.0,3323,Lock Haven University,Public,1,0.0,0.0,
213783.0,3324,Mansfield University of Pennsylvania,Public,1,37.0,37.0,1.0
213996.0,3298,Messiah University,"Private, nonprofit",1,407.0,407.0,1.0
214041.0,3325,Millersville University of Pennsylvania,Public,1,677.0,677.0,1.0
214157.0,3301,Moravian University,"Private, nonprofit",1,0.0,0.0,
214272.0,3988,Neumann University,"Private, nonprofit",1,0.0,0.0,
214591.0,3329,Pennsylvania State University-Penn State Erie-Behrend College,Public,0,984.0,984.0,1.0
214607.0,3329,Pennsylvania State University-Penn State Great Valley,Public,0,0.0,0.0,
214616.0,3329,Pennsylvania State University-College of Medicine,Public,0,0.0,0.0,
214625.0,3329,Pennsylvania State University-Penn State New Kensington,Public,0,42.0,42.0,1.0
214634.0,3329,Pennsylvania State University-Penn State Shenango,Public,0,0.0,0.0,
214643.0,3329,Pennsylvania State University-Penn State Wilkes-Barre,Public,0,79.0,79.0,1.0
214652.0,3329,Pennsylvania State University-Penn State Scranton,Public,0,0.0,0.0,
214670.0,3329,Pennsylvania State University-Penn State Lehigh Valley,Public,0,2.0,2.0,1.0
214689.0,3329,Pennsylvania State University-Penn State Altoona,Public,0,253.0,253.0,1.0
214698.0,3329,Pennsylvania State University-Penn State Beaver,Public,0,0.0,0.0,
214704.0,3329,Pennsylvania State University-Penn State Berks,Public,0,263.0,263.0,1.0
214713.0,3329,Pennsylvania State University-Penn State Harrisburg,Public,0,841.0,841.0,1.0
214731.0,3329,Pennsylvania State University-Penn State Brandywine,Public,0,15.0,15.0,1.0
214740.0,3329,Pennsylvania State University-Penn State DuBois,Public,0,13.0,13.0,1.0
214759.0,3329,Pennsylvania State University-Penn State Fayette- Eberly,Public,0,0.0,0.0,
214768.0,3329,Pennsylvania State University-Penn State Hazleton,Public,0,28.0,28.0,1.0
214777.0,3329,Pennsylvania State University-Main Campus,Public,0,0.0,0.0,
214777.0,3329,Pennsylvania State University-Main Campus,Public,1,7723.0,7723.0,1.0
214786.0,3329,Pennsylvania State University-Penn State Greater Allegheny,Public,0,0.0,0.0,
214795.0,3329,Pennsylvania State University-Penn State Mont Alto,Public,0,0.0,0.0,
214801.0,3329,Pennsylvania State University-Penn State Abington,Public,0,22.0,22.0,1.0
214810.0,3329,Pennsylvania State University-Penn State Schuylkill,Public,0,0.0,0.0,
214829.0,3329,Pennsylvania State University-Penn State York,Public,0,33.0,33.0,1.0
215062.0,3378,University of Pennsylvania,"Private, nonprofit",1,1818.0,1818.0,1.0
215099.0,3354,Jefferson (Philadelphia University + Thomas Jefferson University),"Private, nonprofit",1,65.0,65.0,1.0
215266.0,3379,University of Pittsburgh-Bradford,Public,0,22.0,22.0,1.0
215275.0,3379,University of Pittsburgh-Greensburg,Public,0,0.0,0.0,
215284.0,3379,University of Pittsburgh-Johnstown,Public,0,750.0,750.0,1.0
215293.0,3379,University of Pittsburgh-Pittsburgh Campus,Public,1,4841.0,4841.0,1.0
215309.0,3379,University of Pittsburgh-Titusville,Public,0,0.0,0.0,
215415.0,7437,Pittsburgh Technical College,"Private, nonprofit",1,79.0,79.0,1.0
215442.0,3357,Point Park University,"Private, nonprofit",1,272.0,272.0,1.0
215655.0,3359,Robert Morris University,"Private, nonprofit",1,884.0,884.0,1.0
215743.0,3366,Saint Francis University,"Private, nonprofit",1,91.0,91.0,1.0
215798.0,3368,Saint Vincent College,"Private, nonprofit",1,114.0,114.0,1.0
215813.0,3368,Saint Vincent Seminary,"Private, nonprofit",0,0.0,0.0,
215929.0,3384,University of Scranton,"Private, nonprofit",1,94.0,94.0,1.0
216010.0,3326,Shippensburg University of Pennsylvania,Public,1,144.0,144.0,1.0
216038.0,3327,Slippery Rock University of Pennsylvania,Public,1,1093.0,1093.0,1.0
216287.0,3370,Swarthmore College,"Private, nonprofit",1,201.0,201.0,1.0
216339.0,3371,Temple University,Public,1,2460.0,2460.0,1.0
216357.0,3376,Thiel College,"Private, nonprofit",1,6.0,6.0,1.0
216366.0,12393,Thomas Jefferson University,"Private, nonprofit",1,177.0,177.0,1.0
216524.0,3385,Ursinus College,"Private, nonprofit",1,5.0,5.0,1.0
216597.0,3388,Villanova University,"Private, nonprofit",1,1766.0,1766.0,1.0
216764.0,3328,West Chester University of Pennsylvania,Public,1,0.0,0.0,
216807.0,3392,Westminster College,"Private, nonprofit",1,8.0,8.0,1.0
216852.0,3313,Widener University,"Private, nonprofit",1,764.0,764.0,1.0
216931.0,3394,Wilkes University,"Private, nonprofit",1,639.0,639.0,1.0
217059.0,3399,York College of Pennsylvania,"Private, nonprofit",1,449.0,449.0,1.0
217156.0,3401,Brown University,"Private, nonprofit",1,742.0,742.0,1.0
217235.0,3404,Johnson & Wales University-Providence,"Private, nonprofit",1,353.0,353.0,1.0
217305.0,7845,New England Institute of Technology,"Private, nonprofit",1,386.0,386.0,1.0
217402.0,3406,Providence College,"Private, nonprofit",1,36.0,36.0,1.0
217420.0,3407,Rhode Island College,Public,1,0.0,0.0,
217484.0,3414,University of Rhode Island,Public,1,2255.0,2255.0,1.0
217518.0,3410,Roger Williams University,"Private, nonprofit",1,371.0,371.0,1.0
217633.0,3418,Anderson University,"Private, nonprofit",1,8.0,8.0,1.0
217688.0,3419,Charleston Southern University,"Private, nonprofit",1,0.0,0.0,
217721.0,3420,Benedict College,"Private, nonprofit",1,73.0,73.0,1.0
217749.0,3421,Bob Jones University,"Private, for-profit",1,29.0,29.0,1.0
217749.0,3421,Bob Jones University,"Private, nonprofit",1,71.0,71.0,1.0
217819.0,3428,College of Charleston,Public,1,0.0,0.0,
217864.0,3423,Citadel Military College of South Carolina,Public,1,1012.0,1012.0,1.0
217873.0,3424,Claflin University,"Private, nonprofit",1,35.0,35.0,1.0
217882.0,3425,Clemson University,Public,1,7019.0,7019.0,1.0
218061.0,9226,Francis Marion University,Public,1,56.0,56.0,1.0
218070.0,3434,Furman University,"Private, nonprofit",1,7.0,7.0,1.0
218113.0,3991,Greenville Technical College,Public,1,0.0,0.0,
218645.0,3449,University of South Carolina Aiken,Public,1,69.0,69.0,1.0
218663.0,3448,University of South Carolina-Columbia,Public,1,3006.0,3006.0,1.0
218724.0,3451,Coastal Carolina University,Public,1,29.0,29.0,1.0
218733.0,3446,South Carolina State University,Public,1,192.0,192.0,1.0
218742.0,6951,University of South Carolina-Upstate,Public,1,94.0,94.0,1.0
219000.0,3458,Augustana University,"Private, nonprofit",1,19.0,19.0,1.0
219046.0,3459,Black Hills State University,Public,1,28.0,28.0,1.0
219347.0,3470,South Dakota School of Mines and Technology,Public,1,1990.0,1990.0,1.0
219356.0,3471,South Dakota State University,Public,1,1263.0,1263.0,1.0
219602.0,3478,Austin Peay State University,Public,1,261.0,261.0,1.0
219709.0,3479,Belmont University,"Private, nonprofit",1,6.0,6.0,1.0
219790.0,3536,Bryan College-Dayton,"Private, nonprofit",1,0.0,0.0,
219806.0,3481,Carson-Newman University,"Private, nonprofit",1,1.0,1.0,1.0
219833.0,3482,Christian Brothers University,"Private, nonprofit",1,425.0,425.0,1.0
219949.0,3485,Cumberland University,"Private, nonprofit",1,0.0,0.0,
219976.0,3486,Lipscomb University,"Private, nonprofit",1,270.0,270.0,1.0
220075.0,3487,East Tennessee State University,Public,1,476.0,476.0,1.0
220215.0,3492,Freed-Hardeman University,"Private, nonprofit",1,9.0,9.0,1.0
220516.0,3496,King University,"Private, nonprofit",1,0.0,0.0,
220613.0,3500,Lee University,"Private, nonprofit",1,2.0,2.0,1.0
220710.0,3505,Maryville College,"Private, nonprofit",1,18.0,18.0,1.0
220862.0,3509,University of Memphis,Public,1,1170.0,1170.0,1.0
220978.0,3510,Middle Tennessee State University,Public,1,1023.0,1023.0,1.0
221661.0,3518,Southern Adventist University,"Private, nonprofit",1,0.0,0.0,
221740.0,3529,The University of Tennessee-Chattanooga,Public,1,1453.0,1453.0,1.0
221759.0,3530,The University of Tennessee-Knoxville,Public,1,3924.0,3924.0,1.0
221768.0,3531,The University of Tennessee-Martin,Public,1,225.0,225.0,1.0
221795.0,7439,Fountainhead College of Technology,"Private, for-profit",1,5.0,5.0,1.0
221838.0,3522,Tennessee State University,Public,1,509.0,509.0,1.0
221847.0,3523,Tennessee Technological University,Public,1,2902.0,2902.0,1.0
221892.0,3526,Trevecca Nazarene University,"Private, nonprofit",1,16.0,16.0,1.0
221971.0,3528,Union University,"Private, nonprofit",1,69.0,69.0,1.0
221999.0,3535,Vanderbilt University,"Private, nonprofit",1,1834.0,1834.0,1.0
222178.0,3537,Abilene Christian University,"Private, nonprofit",1,104.0,104.0,1.0
222831.0,3541,Angelo State University,Public,1,78.0,78.0,1.0
222938.0,21171,The Art Institute of Houston,"Private, for-profit",1,30.0,30.0,1.0
223232.0,3545,Baylor University,"Private, nonprofit",1,1008.0,1008.0,1.0
224147.0,11161,Texas A & M University-Corpus Christi,Public,1,702.0,702.0,1.0
224545.0,31703,Texas A&M University-Texarkana,Public,1,89.0,89.0,1.0
224554.0,3565,Texas A & M University-Commerce,Public,1,288.0,288.0,1.0
225399.0,3576,Houston Christian University,"Private, nonprofit",1,0.0,0.0,
225414.0,11711,University of Houston-Clear Lake,Public,1,227.0,227.0,1.0
225432.0,3612,University of Houston-Downtown,Public,1,449.0,449.0,1.0
225511.0,3652,University of Houston,Public,1,6751.0,6751.0,1.0
225548.0,3575,Howard Payne University,"Private, nonprofit",1,16.0,16.0,1.0
225627.0,3578,University of the Incarnate Word,"Private, nonprofit",1,87.0,87.0,1.0
225849.0,7329,ITT Technical Institute-Arlington,"Private, for-profit",0,0.0,0.0,
225858.0,7329,ITT Technical Institute-Houston West,"Private, for-profit",0,0.0,0.0,
225885.0,3637,Jarvis Christian University,"Private, nonprofit",1,0.0,0.0,
226091.0,3581,Lamar University,Public,1,1705.0,1705.0,1.0
226152.0,9651,Texas A & M International University,Public,1,247.0,247.0,1.0
226231.0,3584,LeTourneau University,"Private, nonprofit",1,837.0,837.0,1.0
226383.0,3586,Lubbock Christian University,"Private, nonprofit",1,3.0,3.0,1.0
226471.0,3588,University of Mary Hardin-Baylor,"Private, nonprofit",1,46.0,46.0,1.0
226833.0,3592,Midwestern State University,Public,1,294.0,294.0,1.0
227216.0,3594,University of North Texas,Public,1,2551.0,2551.0,1.0
227304.0,3596,Odessa College,Public,1,20.0,20.0,1.0
227368.0,3599,The University of Texas Rio Grande Valley,Public,1,2047.0,2047.0,1.0
227377.0,30646,Texas Southmost College,Public,1,0.0,0.0,
227526.0,3630,Prairie View A & M University,Public,1,1460.0,1460.0,1.0
227757.0,3604,Rice University,"Private, nonprofit",1,1542.0,1542.0,1.0
227863.0,3654,University of St Thomas,"Private, nonprofit",1,8.0,8.0,1.0
227881.0,3606,Sam Houston State University,Public,1,775.0,775.0,1.0
228042.0,3610,Schreiner University,"Private, nonprofit",1,7.0,7.0,1.0
228149.0,3623,St. Mary's University,"Private, nonprofit",1,327.0,327.0,1.0
228246.0,3613,Southern Methodist University,"Private, nonprofit",1,1127.0,1127.0,1.0
228431.0,3624,Stephen F Austin State University,Public,1,106.0,106.0,1.0
228459.0,3615,Texas State University,Public,1,2045.0,2045.0,1.0
228501.0,3625,Sul Ross State University,Public,1,17.0,17.0,1.0
228529.0,3631,Tarleton State University,Public,1,902.0,902.0,1.0
228705.0,3639,Texas A & M University-Kingsville,Public,1,1977.0,1977.0,1.0
228723.0,3632,Texas A & M University-College Station,Public,1,16951.0,16951.0,1.0
228769.0,3656,The University of Texas at Arlington,Public,1,3755.0,3755.0,1.0
228778.0,3658,The University of Texas at Austin,Public,1,8899.0,8899.0,1.0
228787.0,9741,The University of Texas at Dallas,Public,1,3866.0,3866.0,1.0
228796.0,3661,The University of Texas at El Paso,Public,1,3091.0,3091.0,1.0
228802.0,11163,The University of Texas at Tyler,Public,1,1599.0,1599.0,1.0
228875.0,3636,Texas Christian University,"Private, nonprofit",1,318.0,318.0,1.0
228981.0,3641,Texas Lutheran University,"Private, nonprofit",1,20.0,20.0,1.0
229018.0,9930,The University of Texas Permian Basin,Public,1,687.0,687.0,1.0
229027.0,10115,The University of Texas at San Antonio,Public,1,3131.0,3131.0,1.0
229063.0,3642,Texas Southern University,Public,1,687.0,687.0,1.0
229115.0,3644,Texas Tech University,Public,1,5605.0,5605.0,1.0
229267.0,3647,Trinity University,"Private, nonprofit",1,212.0,212.0,1.0
229814.0,3665,West Texas A & M University,Public,1,533.0,533.0,1.0
230038.0,3670,Brigham Young University,"Private, nonprofit",1,3571.0,3571.0,1.0
230171.0,3671,Utah Tech University,Public,1,0.0,0.0,
230384.0,7329,ITT Technical Institute-Murray,"Private, for-profit",0,0.0,0.0,
230597.0,3679,Snow College,Public,1,35.0,35.0,1.0
230603.0,3678,Southern Utah University,Public,1,330.0,330.0,1.0
230728.0,3677,Utah State University,Public,1,2411.0,2411.0,1.0
230737.0,4027,Utah Valley University,Public,1,810.0,810.0,1.0
230764.0,3675,University of Utah,Public,1,3446.0,3446.0,1.0
230782.0,3680,Weber State University,Public,1,853.0,853.0,1.0
230807.0,3681,Westminster University,"Private, nonprofit",1,0.0,0.0,
230852.0,3684,Champlain College,"Private, nonprofit",1,1.0,1.0,1.0
230995.0,3692,Norwich University,"Private, nonprofit",1,420.0,420.0,1.0
231059.0,3694,Saint Michael's College,"Private, nonprofit",1,24.0,24.0,1.0
231165.0,3698,Vermont State University,Public,1,361.0,361.0,1.0
231174.0,3696,University of Vermont,Public,1,1323.0,1323.0,1.0
231712.0,3706,Christopher Newport University,Public,1,167.0,167.0,1.0
232043.0,3708,Eastern Mennonite University,"Private, nonprofit",1,14.0,14.0,1.0
232186.0,3749,George Mason University,Public,1,2237.0,2237.0,1.0
232256.0,3713,Hampden-Sydney College,"Private, nonprofit",1,18.0,18.0,1.0
232265.0,3714,Hampton University,"Private, nonprofit",1,100.0,100.0,1.0
232423.0,3721,James Madison University,Public,1,505.0,505.0,1.0
232557.0,20530,Liberty University,"Private, nonprofit",1,424.0,424.0,1.0
232937.0,3765,Norfolk State University,Public,1,259.0,259.0,1.0
232982.0,3728,Old Dominion University,Public,1,3257.0,3257.0,1.0
233295.0,3733,Randolph-Macon College,"Private, nonprofit",1,59.0,59.0,1.0
233301.0,3734,Randolph College,"Private, nonprofit",1,13.0,13.0,1.0
233718.0,3742,Sweet Briar College,"Private, nonprofit",1,40.0,40.0,1.0
233897.0,3747,University of Virginia's College at Wise,Public,1,33.0,33.0,1.0
233921.0,3754,Virginia Polytechnic Institute and State University,Public,1,11098.0,11098.0,1.0
234030.0,3735,Virginia Commonwealth University,Public,1,1786.0,1786.0,1.0
234076.0,3745,University of Virginia-Main Campus,Public,1,3688.0,3688.0,1.0
234085.0,3753,Virginia Military Institute,Public,1,705.0,705.0,1.0
234155.0,3764,Virginia State University,Public,1,490.0,490.0,1.0
234207.0,3768,Washington and Lee University,"Private, nonprofit",1,101.0,101.0,1.0
234696.0,4999,Bellingham Technical College,Public,1,10.0,10.0,1.0
234827.0,3771,Central Washington University,Public,1,644.0,644.0,1.0
235097.0,3775,Eastern Washington University,Public,1,1226.0,1226.0,1.0
235316.0,3778,Gonzaga University,"Private, nonprofit",1,1128.0,1128.0,1.0
235510.0,30718,ITT Technical Institute-Seattle,"Private, for-profit",0,0.0,0.0,
235529.0,30718,ITT Technical Institute-Spokane Valley,"Private, for-profit",1,0.0,0.0,
236230.0,3785,Pacific Lutheran University,"Private, nonprofit",1,8.0,8.0,1.0
236328.0,3797,University of Puget Sound,"Private, nonprofit",1,2.0,2.0,1.0
236452.0,3794,Saint Martin's University,"Private, nonprofit",1,370.0,370.0,1.0
236504.0,9706,South Seattle College,Public,1,17.0,17.0,1.0
236577.0,3788,Seattle Pacific University,"Private, nonprofit",1,265.0,265.0,1.0
236595.0,3790,Seattle University,"Private, nonprofit",1,634.0,634.0,1.0
236896.0,3799,Walla Walla University,"Private, nonprofit",1,354.0,354.0,1.0
236939.0,3800,Washington State University,Public,1,4752.0,4752.0,1.0
236948.0,3798,University of Washington-Seattle Campus,Public,1,5986.0,5986.0,1.0
236975.0,3801,Wenatchee Valley College,Public,1,10.0,10.0,1.0
237011.0,3802,Western Washington University,Public,1,561.0,561.0,1.0
237057.0,3803,Whitman College,"Private, nonprofit",1,29.0,29.0,1.0
237066.0,3804,Whitworth University,"Private, nonprofit",1,1.0,1.0,1.0
237215.0,3809,Bluefield State University,Public,1,247.0,247.0,1.0
237358.0,3811,Davis & Elkins College,"Private, nonprofit",1,0.0,0.0,
237367.0,3812,Fairmont State University,Public,1,593.0,593.0,1.0
237525.0,3815,Marshall University,Public,1,419.0,419.0,1.0
237640.0,3819,Ohio Valley University,"Private, nonprofit",1,23.0,23.0,1.0
237686.0,3828,West Virginia University at Parkersburg,Public,1,78.0,78.0,1.0
237701.0,3827,Potomac State College of West Virginia University,Public,0,0.0,0.0,
237792.0,3822,Shepherd University,Public,1,40.0,40.0,1.0
237899.0,3826,West Virginia State University,Public,1,0.0,0.0,
237950.0,3827,West Virginia University Institute of Technology,Public,0,392.0,392.0,1.0
237969.0,3830,West Virginia Wesleyan College,"Private, nonprofit",1,0.0,0.0,
238032.0,3827,West Virginia University,Public,1,4928.0,4928.0,1.0
238078.0,3831,Wheeling University,"Private, nonprofit",1,20.0,20.0,1.0
238333.0,3835,Beloit College,"Private, nonprofit",1,11.0,11.0,1.0
238458.0,3838,Carroll University,"Private, nonprofit",1,25.0,25.0,1.0
238616.0,3842,Concordia University-Wisconsin,"Private, nonprofit",1,3.0,3.0,1.0
238892.0,7329,ITT Technical Institute-Greenfield,"Private, for-profit",0,0.0,0.0,
239105.0,3863,Marquette University,"Private, nonprofit",1,1814.0,1814.0,1.0
239318.0,3868,Milwaukee School of Engineering,"Private, nonprofit",1,2993.0,2993.0,1.0
239512.0,3875,Northland College,"Private, nonprofit",1,0.0,0.0,
240107.0,3911,Viterbo University,"Private, nonprofit",1,0.0,0.0,
240189.0,3926,University of Wisconsin-Whitewater,Public,1,278.0,278.0,1.0
240268.0,3917,University of Wisconsin-Eau Claire,Public,1,23.0,23.0,1.0
240277.0,3899,University of Wisconsin-Green Bay,Public,1,155.0,155.0,1.0
240365.0,3920,University of Wisconsin-Oshkosh,Public,1,122.0,122.0,1.0
240417.0,3915,University of Wisconsin-Stout,Public,1,1507.0,1507.0,1.0
240444.0,3895,University of Wisconsin-Madison,Public,1,7017.0,7017.0,1.0
240453.0,3896,University of Wisconsin-Milwaukee,Public,1,2021.0,2021.0,1.0
240462.0,3921,University of Wisconsin-Platteville,Public,1,4092.0,4092.0,1.0
240471.0,3923,University of Wisconsin-River Falls,Public,1,24.0,24.0,1.0
240480.0,3924,University of Wisconsin-Stevens Point,Public,1,153.0,153.0,1.0
240727.0,3932,University of Wyoming,Public,1,1814.0,1814.0,1.0
240754.0,3935,University of Guam,Public,1,0.0,0.0,
241377.0,12525,Caribbean University-Bayamon,"Private, nonprofit",1,55.0,55.0,1.0
241386.0,12525,Caribbean University-Carolina,"Private, nonprofit",0,0.0,0.0,
241739.0,25875,Universidad Ana G. Mendez-Cupey Campus,"Private, nonprofit",1,1.0,1.0,1.0
242617.0,42542,Inter American University of Puerto Rico-San German,"Private, nonprofit",1,68.0,68.0,1.0
242626.0,3939,Inter American University of Puerto Rico-Aguadilla,"Private, nonprofit",1,34.0,34.0,1.0
242635.0,5026,Inter American University of Puerto Rico-Arecibo,"Private, nonprofit",1,0.0,0.0,
242644.0,5027,Inter American University of Puerto Rico-Barranquitas,"Private, nonprofit",1,0.0,0.0,
242662.0,5029,Inter American University of Puerto Rico-Ponce,"Private, nonprofit",1,0.0,0.0,
242705.0,5028,Inter American University of Puerto Rico-Bayamon,"Private, nonprofit",1,491.0,491.0,1.0
243106.0,12123,University of Puerto Rico-Aguadilla,Public,1,294.0,294.0,1.0
243115.0,7228,University of Puerto Rico-Arecibo,Public,1,230.0,230.0,1.0
243133.0,10975,University of Puerto Rico-Bayamon,Public,1,130.0,130.0,1.0
243179.0,3943,University of Puerto Rico-Humacao,Public,1,0.0,0.0,
243197.0,3944,University of Puerto Rico-Mayaguez,Public,1,3757.0,3757.0,1.0
243212.0,9652,University of Puerto Rico at Ponce,Public,1,0.0,0.0,
243221.0,7108,University of Puerto Rico-Rio Piedras,Public,1,0.0,0.0,
243577.0,21000,Universidad Politecnica de Puerto Rico,"Private, nonprofit",1,2345.0,2345.0,1.0
243601.0,11719,Universidad Ana G. Mendez-Gurabo Campus,"Private, nonprofit",1,772.0,772.0,1.0
243665.0,3946,University of the Virgin Islands,Public,1,0.0,0.0,
243744.0,1305,Stanford University,"Private, nonprofit",1,2640.0,2640.0,1.0
243780.0,1825,Purdue University-Main Campus,Public,1,17323.0,17323.0,1.0
244011.0,7329,ITT Technical Institute-Sylmar,"Private, for-profit",0,0.0,0.0,
244154.0,7329,ITT Technical Institute-Westminster,"Private, for-profit",0,0.0,0.0,
245342.0,25997,Vatterott College-Berkeley,"Private, for-profit",1,0.0,0.0,
248934.0,10198,ECPI University,"Private, for-profit",1,1363.0,1363.0,1.0
251251.0,7329,ITT Technical Institute-Newburgh,"Private, for-profit",0,0.0,0.0,
260974.0,7329,ITT Technical Institute-Arlington Heights,"Private, for-profit",0,0.0,0.0,
261472.0,7329,ITT Technical Institute-Troy,"Private, for-profit",0,0.0,0.0,
363721.0,1441,University of the District of Columbia-David A Clarke School of Law,Public,0,0.0,0.0,
363907.0,12525,Caribbean University-Ponce,"Private, nonprofit",0,196.0,196.0,1.0
363916.0,12525,Caribbean University-Vega Baja,"Private, nonprofit",0,0.0,0.0,
363934.0,25590,University of Advancing Technology,"Private, for-profit",1,20.0,20.0,1.0
366252.0,3395,Pennsylvania College of Technology,Public,1,1494.0,1494.0,1.0
366580.0,7329,ITT Technical Institute-Norwood,"Private, for-profit",0,0.0,0.0,
366650.0,7329,ITT Technical Institute-Knoxville,"Private, for-profit",0,0.0,0.0,
366678.0,7329,ITT Technical Institute-Austin,"Private, for-profit",0,0.0,0.0,
366696.0,7329,ITT Technical Institute-Houston North,"Private, for-profit",0,0.0,0.0,
366711.0,30113,California State University-San Marcos,Public,1,18.0,18.0,1.0
367884.0,30375,Hodges University,"Private, nonprofit",1,5.0,5.0,1.0
368601.0,7329,ITT Technical Institute-Norfolk,"Private, for-profit",0,0.0,0.0,
369084.0,7329,ITT Technical Institute-Albuquerque,"Private, for-profit",0,0.0,0.0,
372578.0,7329,ITT Technical Institute-Lake Mary,"Private, for-profit",0,0.0,0.0,
377069.0,7329,ITT Technical Institute-San Antonio,"Private, for-profit",0,0.0,0.0,
377555.0,3798,University of Washington-Bothell Campus,Public,0,897.0,897.0,1.0
377564.0,3798,University of Washington-Tacoma Campus,Public,0,123.0,123.0,1.0
378406.0,7329,ITT Technical Institute-Torrance,"Private, for-profit",0,0.0,0.0,
381909.0,7329,ITT Technical Institute-San Bernardino,"Private, for-profit",0,0.0,0.0,
383996.0,2651,Eastern New Mexico University Ruidoso Branch Community College,Public,0,0.0,0.0,
385619.0,31085,Everglades University,"Private, nonprofit",1,36.0,36.0,1.0
389727.0,30106,Virginia College-Pensacola,"Private, for-profit",0,0.0,0.0,
399869.0,31136,Southern California Institute of Technology,"Private, for-profit",1,423.0,423.0,1.0
406200.0,25909,Wright Career College,"Private, nonprofit",1,0.0,0.0,
407009.0,1081,Arizona State University-West,Public,0,0.0,0.0,
407063.0,7329,ITT Technical Institute-Jacksonville,"Private, for-profit",0,0.0,0.0,
407319.0,7329,ITT Technical Institute-Omaha,"Private, for-profit",0,0.0,0.0,
409069.0,7329,ITT Technical Institute-Fort Lauderdale,"Private, for-profit",0,0.0,0.0,
409193.0,30857,Professional Technical Institution,"Private, for-profit",1,0.0,0.0,
409616.0,3410,Roger Williams University School of Law,"Private, nonprofit",0,0.0,0.0,
413839.0,7329,ITT Technical Institute-Little Rock,"Private, for-profit",0,0.0,0.0,
413848.0,7329,ITT Technical Institute-Oxnard,"Private, for-profit",0,0.0,0.0,
413857.0,7329,ITT Technical Institute-Louisville,"Private, for-profit",0,0.0,0.0,
413866.0,7329,ITT Technical Institute-Greenville,"Private, for-profit",0,0.0,0.0,
413884.0,7329,ITT Technical Institute-Cordova,"Private, for-profit",0,0.0,0.0,
414531.0,30718,ITT Technical Institute-Everett,"Private, for-profit",0,0.0,0.0,
414568.0,7329,ITT Technical Institute-Bessemer,"Private, for-profit",0,0.0,0.0,
414586.0,7329,ITT Technical Institute-Orland Park,"Private, for-profit",0,0.0,0.0,
414823.0,3404,Johnson & Wales University-North Miami,"Private, nonprofit",0,0.0,0.0,
414841.0,7329,ITT Technical Institute-Pittsburgh,"Private, for-profit",0,0.0,0.0,
414878.0,1839,Trine University-Regional/Non-Traditional Campuses,"Private, nonprofit",0,82.0,82.0,1.0
420307.0,30106,Virginia College-Birmingham,"Private, for-profit",1,0.0,0.0,
420316.0,30106,Virginia College-Huntsville,"Private, for-profit",0,0.0,0.0,
420404.0,7329,ITT Technical Institute-Getzville,"Private, for-profit",0,0.0,0.0,
420574.0,1081,Arizona State University-Polytechnic,Public,0,1090.0,1090.0,1.0
426314.0,1479,Embry-Riddle Aeronautical University-Worldwide,"Private, nonprofit",0,176.0,176.0,1.0
427663.0,7329,ITT Technical Institute-Webster,"Private, for-profit",0,0.0,0.0,
429599.0,7329,ITT Technical Institute-Henderson,"Private, for-profit",0,0.0,0.0,
430157.0,30106,Golf Academy of America-Orlando,"Private, for-profit",0,0.0,0.0,
430166.0,30106,Golf Academy of America-Phoenix,"Private, for-profit",0,0.0,0.0,
430263.0,7329,ITT Technical Institute-Hialeah,"Private, for-profit",0,0.0,0.0,
430351.0,7329,ITT Technical Institute-Harrisburg,"Private, for-profit",0,0.0,0.0,
430360.0,7329,ITT Technical Institute-Tarentum,"Private, for-profit",0,0.0,0.0,
430379.0,7329,ITT Technical Institute-Norwood,"Private, for-profit",0,0.0,0.0,
430388.0,7329,ITT Technical Institute-Strongsville,"Private, for-profit",0,0.0,0.0,
432357.0,2751,LIU Hudson at Westchester,"Private, nonprofit",0,0.0,0.0,
433563.0,4619,Spencerian College-Lexington,"Private, for-profit",0,0.0,0.0,
433660.0,32553,Florida Gulf Coast University,Public,1,1117.0,1117.0,1.0
434052.0,7329,ITT Technical Institute-Richardson,"Private, for-profit",0,0.0,0.0,
434548.0,7329,ITT Technical Institute-Arnold,"Private, for-profit",0,0.0,0.0,
434557.0,7329,ITT Technical Institute-Oak Brook,"Private, for-profit",0,0.0,0.0,
434566.0,7329,ITT Technical Institute-Albany,"Private, for-profit",0,0.0,0.0,
434575.0,7329,ITT Technical Institute-Liverpool,"Private, for-profit",0,0.0,0.0,
434690.0,30106,Golf Academy of America-Myrtle Beach,"Private, for-profit",0,0.0,0.0,
436191.0,25997,Vatterott College-Sunset Hills,"Private, for-profit",0,0.0,0.0,
436818.0,1417,University of Connecticut-Waterbury Campus,Public,0,11.0,11.0,1.0
436827.0,1417,University of Connecticut-Avery Point,Public,0,7.0,7.0,1.0
436836.0,1417,University of Connecticut-Stamford,Public,0,7.0,7.0,1.0
437042.0,7329,ITT Technical Institute-Saint Rose,"Private, for-profit",0,0.0,0.0,
437051.0,7329,ITT Technical Institute-Richmond,"Private, for-profit",0,0.0,0.0,
437097.0,41103,University of Management and Technology,"Private, for-profit",1,95.0,95.0,1.0
437219.0,7329,ITT Technical Institute-Lathrop,"Private, for-profit",0,0.0,0.0,
437316.0,3198,Linfield University-School of Nursing,"Private, nonprofit",0,0.0,0.0,
437325.0,3198,Linfield University-Online and Continuing Education,"Private, nonprofit",0,0.0,0.0,
438498.0,25412,Stratford University,"Private, for-profit",1,0.0,0.0,
439136.0,7329,ITT Technical Institute-Wilmington,"Private, for-profit",0,0.0,0.0,
439190.0,34835,Cascadia College,Public,1,29.0,29.0,1.0
439288.0,3404,Johnson & Wales University-Denver,"Private, nonprofit",0,0.0,0.0,
440165.0,7329,ITT Technical Institute-Green Bay,"Private, for-profit",0,0.0,0.0,
440642.0,7329,ITT Technical Institute-Levittown,"Private, for-profit",0,0.0,0.0,
440828.0,3210,Oregon State University-Cascades Campus,Public,0,223.0,223.0,1.0
440916.0,2025,Southern University Law Center,Public,0,12.0,12.0,1.0
441900.0,41143,Nevada State University,Public,1,34.0,34.0,1.0
441919.0,30106,Virginia College-Jackson,"Private, for-profit",0,0.0,0.0,
441928.0,30106,Virginia College-Austin,"Private, for-profit",0,0.0,0.0,
441955.0,7329,ITT Technical Institute-Springfield,"Private, for-profit",0,0.0,0.0,
441964.0,7329,ITT Technical Institute-Chantilly,"Private, for-profit",0,0.0,0.0,
441982.0,39463,Franklin W Olin College of Engineering,"Private, nonprofit",1,566.0,566.0,1.0
442338.0,7329,ITT Technical Institute-Canton,"Private, for-profit",0,0.0,0.0,
442347.0,7329,ITT Technical Institute-Plymouth Meeting,"Private, for-profit",0,0.0,0.0,
442569.0,41223,University of Arkansas Grantham,"Private, for-profit",1,591.0,591.0,1.0
442930.0,34275,University of Antelope Valley,"Private, for-profit",1,5.0,5.0,1.0
443410.0,37243,DigiPen Institute of Technology,"Private, for-profit",1,62.0,62.0,1.0
443526.0,7329,ITT Technical Institute-Duluth,"Private, for-profit",0,0.0,0.0,
443535.0,7329,ITT Technical Institute-Hilliard,"Private, for-profit",0,0.0,0.0,
445081.0,7329,ITT Technical Institute-Eden Prairie,"Private, for-profit",0,0.0,0.0,
445090.0,30106,Virginia College-Mobile,"Private, for-profit",0,0.0,0.0,
445188.0,41271,University of California-Merced,Public,1,2195.0,2195.0,1.0
445708.0,3404,Johnson & Wales University-Charlotte,"Private, nonprofit",0,0.0,0.0,
446640.0,39483,Harrisburg University of Science and Technology,"Private, nonprofit",1,0.0,0.0,
446899.0,7329,ITT Technical Institute-Kansas City,"Private, for-profit",0,0.0,0.0,
446905.0,7329,ITT Technical Institute-Kennesaw,"Private, for-profit",0,0.0,0.0,
446914.0,7329,ITT Technical Institute-Owings Mills,"Private, for-profit",0,0.0,0.0,
446923.0,7329,ITT Technical Institute-Warrensville Heights,"Private, for-profit",0,0.0,0.0,
448442.0,7329,ITT Technical Institute-Charlotte South,"Private, for-profit",0,0.0,0.0,
448451.0,7329,ITT Technical Institute-Clovis,"Private, for-profit",0,0.0,0.0,
448460.0,7329,ITT Technical Institute-Dunmore,"Private, for-profit",0,0.0,0.0,
448479.0,7329,ITT Technical Institute-Swartz Creek,"Private, for-profit",0,0.0,0.0,
448488.0,7329,ITT Technical Institute-Lexington,"Private, for-profit",0,0.0,0.0,
448497.0,7329,ITT Technical Institute-Maumee,"Private, for-profit",0,0.0,0.0,
448503.0,7329,ITT Technical Institute-Oklahoma City,"Private, for-profit",0,0.0,0.0,
448512.0,7329,ITT Technical Institute-Tulsa,"Private, for-profit",0,0.0,0.0,
448840.0,1537,University of South Florida-St Petersburg,Public,0,0.0,0.0,
448886.0,1081,Arizona State University-Downtown Phoenix,Public,0,0.0,0.0,
449339.0,38193,American Public University System,"Private, for-profit",1,402.0,402.0,1.0
450191.0,30106,Virginia College-Biloxi,"Private, for-profit",0,0.0,0.0,
450207.0,7329,ITT Technical Institute-St Petersburg,"Private, for-profit",0,0.0,0.0,
450216.0,7329,ITT Technical Institute-Baton Rouge,"Private, for-profit",0,0.0,0.0,
450225.0,7329,ITT Technical Institute-Columbia,"Private, for-profit",0,0.0,0.0,
450234.0,7329,ITT Technical Institute-Wichita,"Private, for-profit",0,0.0,0.0,
450243.0,7329,ITT Technical Institute-Atlanta,"Private, for-profit",0,0.0,0.0,
450252.0,7329,ITT Technical Institute-Mobile,"Private, for-profit",0,0.0,0.0,
450261.0,7329,ITT Technical Institute-Chattanooga,"Private, for-profit",0,0.0,0.0,
450270.0,7329,ITT Technical Institute-South Bend,"Private, for-profit",0,0.0,0.0,
450289.0,30106,Virginia College-Chattanooga,"Private, for-profit",0,0.0,0.0,
450304.0,3636,Brite Divinity School,"Private, nonprofit",0,0.0,0.0,
450766.0,2751,LIU Riverhead,"Private, nonprofit",0,0.0,0.0,
450933.0,41215,Columbia Southern University,"Private, for-profit",1,5003.0,5003.0,1.0
451671.0,1537,University of South Florida-Sarasota-Manatee,Public,0,0.0,0.0,
451820.0,21171,The Art Institute of Austin,"Private, for-profit",0,2.0,2.0,1.0
451945.0,7329,ITT Technical Institute-Madison,"Private, for-profit",0,0.0,0.0,
451954.0,7329,ITT Technical Institute-Clive,"Private, for-profit",0,0.0,0.0,
451963.0,7329,ITT Technical Institute-Columbus,"Private, for-profit",0,0.0,0.0,
451972.0,7329,ITT Technical Institute-Phoenix,"Private, for-profit",0,0.0,0.0,
451981.0,7329,ITT Technical Institute-Madison,"Private, for-profit",0,0.0,0.0,
451990.0,7329,ITT Technical Institute-High Point,"Private, for-profit",0,0.0,0.0,
452115.0,30106,Virginia College-Montgomery,"Private, for-profit",0,0.0,0.0,
454625.0,30106,Virginia College-Greenville,"Private, for-profit",0,0.0,0.0,
454829.0,40803,Aspen University,"Private, for-profit",1,0.0,0.0,
455716.0,30106,Virginia College-Jacksonville,"Private, for-profit",0,0.0,0.0,
456056.0,30106,Virginia College-Charleston,"Private, for-profit",0,0.0,0.0,
456393.0,7329,ITT Technical Institute-Madison,"Private, for-profit",0,0.0,0.0,
456409.0,7329,ITT Technical Institute-Springfield,"Private, for-profit",0,0.0,0.0,
456418.0,7329,ITT Technical Institute-Huntington,"Private, for-profit",0,0.0,0.0,
456427.0,7329,ITT Technical Institute-Concord,"Private, for-profit",0,0.0,0.0,
456436.0,7329,ITT Technical Institute-Fort Myers,"Private, for-profit",0,0.0,0.0,
456445.0,7329,ITT Technical Institute-Charlotte North,"Private, for-profit",0,0.0,0.0,
456481.0,21000,Polytechnic University of Puerto Rico-Miami,"Private, nonprofit",0,0.0,0.0,
456490.0,21000,Polytechnic University of Puerto Rico-Orlando,"Private, nonprofit",0,77.0,77.0,1.0
456834.0,4642,Globe University-Minneapolis,"Private, for-profit",0,0.0,0.0,
456959.0,3969,University of Minnesota-Rochester,Public,0,0.0,0.0,
458256.0,30106,Virginia College-Augusta,"Private, for-profit",0,0.0,0.0,
458593.0,30106,Virginia College-Columbia,"Private, for-profit",0,0.0,0.0,
458733.0,4642,Globe University-Madison East,"Private, for-profit",0,0.0,0.0,
458779.0,4642,Globe UniversityWausau,"Private, for-profit",0,0.0,0.0,
458982.0,21171,The Art Institute of San Antonio,"Private, for-profit",0,17.0,17.0,1.0
459082.0,3754,Virginia Polytechnic Institute & State University,Public,0,0.0,0.0,
459587.0,7329,ITT Technical Institute-Merrillville,"Private, for-profit",0,0.0,0.0,
459596.0,7329,ITT Technical Institute-Tallahassee,"Private, for-profit",0,0.0,0.0,
459602.0,7329,ITT Technical Institute-Salem,"Private, for-profit",0,0.0,0.0,
459611.0,7329,ITT Technical Institute-Akron,"Private, for-profit",0,0.0,0.0,
459639.0,7329,ITT Technical Institute-Corona,"Private, for-profit",0,0.0,0.0,
459648.0,7329,ITT Technical Institute-Johnson City,"Private, for-profit",0,0.0,0.0,
459657.0,7329,ITT Technical Institute-DeSoto,"Private, for-profit",0,0.0,0.0,
459666.0,7329,ITT Technical Institute-North Charleston,"Private, for-profit",0,0.0,0.0,
459675.0,7329,ITT Technical Institute-Aurora,"Private, for-profit",0,0.0,0.0,
459709.0,7329,ITT Technical Institute-Dearborn,"Private, for-profit",0,0.0,0.0,
459718.0,7329,ITT Technical Institute-Las Vegas,"Private, for-profit",0,0.0,0.0,
460215.0,30106,Ecotech Institute,"Private, for-profit",0,0.0,0.0,
460349.0,3404,Johnson & Wales University-Online,"Private, nonprofit",0,0.0,0.0,
460774.0,30106,Virginia College-Baton Rouge,"Private, for-profit",0,0.0,0.0,
460844.0,30106,Virginia College-Macon,"Private, for-profit",0,0.0,0.0,
460853.0,30106,Virginia College-Spartanburg,"Private, for-profit",0,0.0,0.0,
460923.0,30106,Virginia College-Richmond,"Private, for-profit",0,0.0,0.0,
462363.0,7329,ITT Technical Institute-Durham,"Private, for-profit",0,0.0,0.0,
462372.0,7329,ITT Technical Institute-Hanover,"Private, for-profit",0,0.0,0.0,
463056.0,1417,University of Connecticut-Hartford Campus,Public,0,43.0,43.0,1.0
464226.0,1937,Ottawa University-Surprise,"Private, nonprofit",0,0.0,0.0,
465122.0,2823,Saint John's University - Staten Island Campus,"Private, nonprofit",0,0.0,0.0,
467058.0,7329,ITT Technical Institute-Oakland,"Private, for-profit",0,0.0,0.0,
470861.0,7329,ITT Technical Institute-Phoenix West,"Private, for-profit",0,0.0,0.0,
470870.0,7329,ITT Technical Institute-Brooklyn Center,"Private, for-profit",0,0.0,0.0,
470889.0,7329,ITT Technical Institute-Orlando,"Private, for-profit",0,0.0,0.0,
470898.0,7329,ITT Technical Institute-Waco,"Private, for-profit",0,0.0,0.0,
470904.0,7329,ITT Technical Institute-Myrtle Beach,"Private, for-profit",0,0.0,0.0,
475352.0,30106,Virginia College-Savannah,"Private, for-profit",0,0.0,0.0,
475370.0,30106,Virginia College-Columbus,"Private, for-profit",0,0.0,0.0,
475592.0,30106,Virginia College-Tulsa,"Private, for-profit",0,0.0,0.0,
475617.0,30106,Virginia College-Knoxville,"Private, for-profit",0,0.0,0.0,
475866.0,30106,Virginia College-Shreveport,"Private, for-profit",0,0.0,0.0,
476337.0,30106,Golf Academy of America-Dallas,"Private, for-profit",0,0.0,0.0,
479549.0,7329,ITT Technical Institute-Philadelphia,"Private, for-profit",0,0.0,0.0,
479558.0,7329,ITT Technical Institute-Marlton,"Private, for-profit",0,0.0,0.0,
479585.0,7329,ITT Technical Institute-Southfield,"Private, for-profit",0,0.0,0.0,
479594.0,7329,ITT Technical Institute-West Palm Beach,"Private, for-profit",0,0.0,0.0,
479600.0,7329,ITT Technical Institute-Salem,"Private, for-profit",0,0.0,0.0,
479628.0,7329,ITT Technical Institute-Indianapolis East,"Private, for-profit",0,0.0,0.0,
479637.0,7329,ITT Technical Institute-Douglasville,"Private, for-profit",0,0.0,0.0,
479646.0,7329,ITT Technical Institute-Overland Park,"Private, for-profit",0,0.0,0.0,
479956.0,3329,Pennsylvania State University-World Campus,Public,0,7.0,7.0,1.0
480107.0,30106,Virginia College-Florence,"Private, for-profit",0,0.0,0.0,
480134.0,3262,Elizabethtown College School of Continuing and Professional Studies,"Private, nonprofit",0,0.0,0.0,
480569.0,1469,Florida Institute of Technology-Online,"Private, nonprofit",0,0.0,0.0,
480815.0,30106,Virginia College-Greensboro,"Private, for-profit",0,0.0,0.0,
481614.0,7329,ITT Technical Institute-Pensacola,"Private, for-profit",0,0.0,0.0,
481623.0,7329,ITT Technical Institute-San Antonio East,"Private, for-profit",0,0.0,0.0,
482158.0,1581,Middle Georgia State University,Public,1,23.0,23.0,1.0
482413.0,10727,DeVry College of New York,"Private, for-profit",0,161.0,161.0,1.0
482422.0,10727,DeVry University-Arizona,"Private, for-profit",0,89.0,89.0,1.0
482431.0,10727,DeVry University-California,"Private, for-profit",0,279.0,279.0,1.0
482440.0,10727,DeVry University-Colorado,"Private, for-profit",0,16.0,16.0,1.0
482459.0,10727,DeVry University-Florida,"Private, for-profit",0,89.0,89.0,1.0
482468.0,10727,DeVry University-Georgia,"Private, for-profit",0,40.0,40.0,1.0
482477.0,10727,DeVry University-Illinois,"Private, for-profit",1,815.0,815.0,1.0
482486.0,10727,DeVry University-Indiana,"Private, for-profit",0,0.0,0.0,
482529.0,10727,DeVry University-Minnesota,"Private, for-profit",0,0.0,0.0,
482538.0,10727,DeVry University-Missouri,"Private, for-profit",0,24.0,24.0,1.0
482547.0,10727,DeVry University-Nevada,"Private, for-profit",0,0.0,0.0,
482556.0,10727,DeVry University-New Jersey,"Private, for-profit",0,80.0,80.0,1.0
482565.0,10727,DeVry University-North Carolina,"Private, for-profit",0,0.0,0.0,
482574.0,10727,DeVry University-Ohio,"Private, for-profit",0,97.0,97.0,1.0
482583.0,10727,DeVry University-Oklahoma,"Private, for-profit",0,0.0,0.0,
482608.0,10727,DeVry University-Pennsylvania,"Private, for-profit",0,49.0,49.0,1.0
482617.0,10727,DeVry University-Tennessee,"Private, for-profit",0,0.0,0.0,
482635.0,10727,DeVry University-Texas,"Private, for-profit",0,63.0,63.0,1.0
482653.0,10727,DeVry University-Virginia,"Private, for-profit",0,14.0,14.0,1.0
482662.0,10727,DeVry University-Washington,"Private, for-profit",0,0.0,0.0,
482705.0,2199,Northeastern University Professional Programs,"Private, nonprofit",0,84.0,84.0,1.0
482936.0,42634,Florida Polytechnic University,Public,1,587.0,587.0,1.0
483036.0,42295,Texas A&M University-Central Texas,Public,1,4.0,4.0,1.0
483124.0,1081,Arizona State University Digital Immersion,Public,0,1146.0,1146.0,1.0
483319.0,30106,Virginia College-Lubbock,"Private, for-profit",0,0.0,0.0,
484473.0,1535,University of Florida-Online,Public,0,1.0,1.0,1.0
484978.0,30106,Virginia College-Fort Pierce,"Private, for-profit",0,0.0,0.0,
485078.0,1839,Trine University-Arizona Regional Campus,"Private, nonprofit",0,0.0,0.0,
485768.0,42339,Atlantis University,"Private, for-profit",1,4.0,4.0,1.0
486840.0,1577,Kennesaw State University,Public,1,4861.0,4861.0,1.0
486901.0,3511,Milligan University,"Private, nonprofit",1,39.0,39.0,1.0
487092.0,1564,Emory University-Oxford College,"Private, nonprofit",0,0.0,0.0,
487296.0,1083,University of Arizona-Sierra Vista,Public,0,0.0,0.0,
490762.0,1840,University of Notre Dame -,"Private, nonprofit",0,0.0,0.0,
490805.0,1827,Purdue University Northwest,Public,1,1697.0,1697.0,1.0
490850.0,21686,East-West University,"Private, nonprofit",0,0.0,0.0,
491288.0,3896,University of Wisconsin-Milwaukee Flex,Public,0,0.0,0.0,
491312.0,1081,Arizona State University at Tucson,Public,0,0.0,0.0,
491321.0,1081,Arizona State University - ASU Colleges at Lake Havasu City,Public,0,0.0,0.0,
491330.0,1081,Arizona State University at The Gila Valley,Public,0,0.0,0.0,
491349.0,1081,Arizona State University at Yuma,Public,0,0.0,0.0,
492403.0,2024,Southeastern Louisiana University - Destrahan High School,Public,0,0.0,0.0,
492412.0,2024,Southeastern Louisiana University - Albert Cammon Middle School,Public,0,0.0,0.0,
492467.0,31085,Everglades University - Miami,"Private, nonprofit",0,0.0,0.0,
492616.0,10198,ECPI University - Culinary Institute of Virginia - Newport News,"Private, for-profit",0,0.0,0.0,
492625.0,10198,ECPI University - San Antonio,"Private, for-profit",0,0.0,0.0,
492786.0,1081,Arizona State University - Pinal,Public,0,0.0,0.0,
492795.0,1081,Arizona State University - Cochise,Public,0,0.0,0.0,
492962.0,1805,Indiana Institute of Technology-College of Professional Studies,"Private, nonprofit",0,86.0,86.0,1.0
495767.0,3329,The Pennsylvania State University,Public,1,7530.0,7530.0,1.0
,3938,Inter American University of Puerto Rico - San German Campus,"Private, nonprofit",1,0.0,0.0,
,4642,Globe University,"Private, for-profit",1,0.0,0.0,
,4731,Daniel Webster College,"Private, for-profit",1,0.0,0.0,
,5034,American University In Cairo (The),Foreign,1,0.0,0.0,
,6677,McGill University,Foreign,1,0.0,0.0,
,6679,Queen's University at Kingston,Foreign,1,0.0,0.0,
,6685,University of New Brunswick (The),Foreign,1,0.0,0.0,
,6686,University of Ottawa,Foreign,1,0.0,0.0,
,6688,University of Toronto,Foreign,1,0.0,0.0,
,6695,University of London - University College London,Foreign,1,0.0,0.0,
,6704,University College Cork,Foreign,1,0.0,0.0,
,6838,Dalhousie University,Foreign,1,0.0,0.0,
,6839,University of Edinburgh,Foreign,1,0.0,0.0,
,6842,University of Dublin Trinity College,Foreign,1,0.0,0.0,
,7329,ITT Technical Institute,"Private, for-profit",1,0.0,0.0,
,7439,Fountainhead College of Technology,"Private, for-profit",1,0.0,0.0,
,7632,University of Bristol,Foreign,1,0.0,0.0,
,7679,York University,Foreign,1,0.0,0.0,
,7874,University of Calgary,Foreign,1,0.0,0.0,
,8365,Concordia University,Foreign,1,0.0,0.0,
,8366,Universite de Montreal,Foreign,1,0.0,0.0,
,8369,University of British Columbia,Foreign,1,0.0,0.0,
,8370,University of Victoria,Foreign,1,0.0,0.0,
,8371,American University of Beirut,Foreign,1,0.0,0.0,
,8373,Tel Aviv University,Foreign,1,0.0,0.0,
,8399,University of Southampton,Foreign,1,0.0,0.0,
,8444,Simon Fraser University,Foreign,1,0.0,0.0,
,8446,University of Western Ontario (The),Foreign,1,0.0,0.0,
,8449,Acadia University,Foreign,1,0.0,0.0,
,8458,Loughborough University,Foreign,1,0.0,0.0,
,8460,University of Newcastle upon Tyne,Foreign,1,0.0,0.0,
,8461,University of Saint Andrews,Foreign,1,0.0,0.0,
,8586,Swansea University,Foreign,1,0.0,0.0,
,8693,"City St George's, University of London",Foreign,1,0.0,0.0,
,8908,University of Birmingham (The),Foreign,1,0.0,0.0,
,9085,King's College London,Foreign,1,0.0,0.0,
,9249,University of Liverpool (The),Foreign,1,0.0,0.0,
,9368,University of Aberdeen,Foreign,1,0.0,0.0,
,9428,Technion-Israel Institute of Technology,Foreign,1,0.0,0.0,
,9500,Memorial University of Newfoundland,Foreign,1,0.0,0.0,
,10084,University of Cape Town,Foreign,1,0.0,0.0,
,10157,Cardiff University,Foreign,1,0.0,0.0,
,10188,"University College Dublin, National University of Ireland, Dublin",Foreign,1,0.0,0.0,
,10418,Instituto Tecnologico y de Estudios Superiores de Monterrey,Foreign,1,0.0,0.0,
,10681,Macquarie University,Foreign,1,0.0,0.0,
,10720,Toronto Metropolitan University,Foreign,1,0.0,0.0,
,10816,Kingston University,Foreign,1,0.0,0.0,
,10977,Universidad Central del Este,Foreign,1,0.0,0.0,
,11226,Aarhus University,Foreign,1,0.0,0.0,
,11567,Imperial College London,Foreign,1,0.0,0.0,
,11679,University of Bath,Foreign,1,0.0,0.0,
,12136,University of Manchester (The),Foreign,1,0.0,0.0,
,12766,"National University of Ireland, Galway",Foreign,1,0.0,0.0,
,12802,Pontificia Universidad Catolica Madre y Maestra,Foreign,1,0.0,0.0,
,12811,Instituto Tecnologico de Santo Domingo,Foreign,1,0.0,0.0,
,20789,Art Institute of Colorado (The),"Private, for-profit",1,0.0,0.0,
,20879,Oxford Brookes University,Foreign,1,0.0,0.0,
,21860,University of Cambridge - Magdalene College,Foreign,1,0.0,0.0,
,21948,"University of the West of England, Bristol",Foreign,1,0.0,0.0,
,21951,University of Westminster,Foreign,1,0.0,0.0,
,22736,Queen's University of Belfast (The),Foreign,1,0.0,0.0,
,23040,Missouri Technical School,"Private, for-profit",1,0.0,0.0,
,23521,University of Plymouth,Foreign,1,0.0,0.0,
,25616,Solent University,Foreign,1,0.0,0.0,
,25909,Wright Career College,"Private, nonprofit",1,0.0,0.0,
,26117,Dublin City University,Foreign,1,0.0,0.0,
,30106,Virginia College,"Private, for-profit",1,0.0,0.0,
,30333,Manchester Metropolitan University (The),Foreign,1,0.0,0.0,
,30450,University of East London,Foreign,1,0.0,0.0,
,30672,University of Sydney,Foreign,1,0.0,0.0,
,30718,ITT Technical Institute,"Private, for-profit",1,0.0,0.0,
,30843,University of Limerick,Foreign,1,0.0,0.0,
,31504,University of Technology Sydney,Foreign,1,0.0,0.0,
,33343,Universidad Cat lica Nordestana,Foreign,1,0.0,0.0,
,35173,University of Brighton,Foreign,1,0.0,0.0,
,39453,University of West London (The),Foreign,1,0.0,0.0,
,41133,Lebanese American University,Foreign,1,0.0,0.0,
,41839,CETYS Universidad,Foreign,1,0.0,0.0,
,42571,Universiteit Maastricht,Foreign,1,0.0,0.0,
,42634,Florida Polytechnic University,Public,1,0.0,0.0,
